index	go_id	aspect	name	n_proteins
0	GO:0005488	F	binding	271617
1	GO:0003824	F	catalytic activity	261526
2	GO:0036094	F	small molecule binding	160705
3	GO:0043167	F	ion binding	146001
4	GO:1901363	F	heterocyclic compound binding	96314
5	GO:0003676	F	nucleic acid binding	93927
6	GO:0043168	F	anion binding	90977
7	GO:0016740	F	transferase activity	89169
8	GO:1901265	F	nucleoside phosphate binding	88841
9	GO:0000166	F	nucleotide binding	88662
10	GO:0017076	F	purine nucleotide binding	81575
11	GO:0097367	F	carbohydrate derivative binding	79013
12	GO:0016787	F	hydrolase activity	77355
13	GO:0043169	F	cation binding	76379
14	GO:0032553	F	ribonucleotide binding	75288
15	GO:0046872	F	metal ion binding	73381
16	GO:0032555	F	purine ribonucleotide binding	72815
17	GO:0035639	F	purine ribonucleoside triphosphate binding	71677
18	GO:0030554	F	adenyl nucleotide binding	71086
19	GO:0005515	F	protein binding	63567
20	GO:0032559	F	adenyl ribonucleotide binding	62406
21	GO:0005524	F	ATP binding	61372
22	GO:0140640	F	catalytic activity, acting on a nucleic acid	54979
23	GO:0003723	F	RNA binding	52786
24	GO:0005198	F	structural molecule activity	42290
25	GO:0140098	F	catalytic activity, acting on RNA	41918
26	GO:0016491	F	oxidoreductase activity	41581
27	GO:0046914	F	transition metal ion binding	39007
28	GO:0003677	F	DNA binding	36546
29	GO:0003735	F	structural constituent of ribosome	35056
30	GO:0016772	F	transferase activity, transferring phosphorus-containing groups	33468
31	GO:0005215	F	transporter activity	33394
32	GO:0022857	F	transmembrane transporter activity	32576
33	GO:0140096	F	catalytic activity, acting on a protein	32187
34	GO:0016874	F	ligase activity	31489
35	GO:0016817	F	hydrolase activity, acting on acid anhydrides	27068
36	GO:0016818	F	hydrolase activity, acting on acid anhydrides, in phosphorus-containing anhydrides	26890
37	GO:0016462	F	pyrophosphatase activity	26818
38	GO:0140101	F	catalytic activity, acting on a tRNA	25302
39	GO:0019843	F	rRNA binding	24981
40	GO:0000287	F	magnesium ion binding	24057
41	GO:0016788	F	hydrolase activity, acting on ester bonds	23182
42	GO:0016829	F	lyase activity	22712
43	GO:0017111	F	ribonucleoside triphosphate phosphatase activity	22673
44	GO:0140657	F	ATP-dependent activity	22502
45	GO:0008270	F	zinc ion binding	22475
46	GO:0098772	F	molecular function regulator activity	20608
47	GO:0015075	F	monoatomic ion transmembrane transporter activity	20454
48	GO:0016853	F	isomerase activity	18995
49	GO:0008324	F	monoatomic cation transmembrane transporter activity	18848
50	GO:0016301	F	kinase activity	17873
51	GO:0016741	F	transferase activity, transferring one-carbon groups	17157
52	GO:0022804	F	active transmembrane transporter activity	16477
53	GO:0140110	F	transcription regulator activity	15279
54	GO:0016887	F	ATP hydrolysis activity	14170
55	GO:0015078	F	proton transmembrane transporter activity	14038
56	GO:0042802	F	identical protein binding	13903
57	GO:0016746	F	acyltransferase activity	13428
58	GO:0003690	F	double-stranded DNA binding	13035
59	GO:0016779	F	nucleotidyltransferase activity	13007
60	GO:0140097	F	catalytic activity, acting on DNA	12855
61	GO:0016773	F	phosphotransferase activity, alcohol group as acceptor	12677
62	GO:0015399	F	primary active transmembrane transporter activity	12625
63	GO:0008168	F	methyltransferase activity	12539
64	GO:0003700	F	DNA-binding transcription factor activity	12396
65	GO:0043565	F	sequence-specific DNA binding	12346
66	GO:0044877	F	protein-containing complex binding	12311
67	GO:0008233	F	peptidase activity	12294
68	GO:0004518	F	nuclease activity	12030
69	GO:0016875	F	ligase activity, forming carbon-oxygen bonds	11401
70	GO:0004812	F	aminoacyl-tRNA ligase activity	11399
71	GO:0016810	F	hydrolase activity, acting on carbon-nitrogen (but not peptide) bonds	11185
72	GO:0019001	F	guanyl nucleotide binding	11131
73	GO:0032561	F	guanyl ribonucleotide binding	11048
74	GO:0016879	F	ligase activity, forming carbon-nitrogen bonds	10980
75	GO:0016757	F	glycosyltransferase activity	10855
76	GO:0005525	F	GTP binding	10847
77	GO:1990837	F	sequence-specific double-stranded DNA binding	10475
78	GO:0016835	F	carbon-oxygen lyase activity	10287
79	GO:0015267	F	channel activity	10241
80	GO:0022803	F	passive transmembrane transporter activity	10241
81	GO:0009055	F	electron transfer activity	10097
82	GO:0030234	F	enzyme regulator activity	10078
83	GO:0051540	F	metal cluster binding	10045
84	GO:0051536	F	iron-sulfur cluster binding	10028
85	GO:0008757	F	S-adenosylmethionine-dependent methyltransferase activity	9950
86	GO:0001067	F	transcription regulatory region nucleic acid binding	9585
87	GO:0000976	F	transcription cis-regulatory region binding	9565
88	GO:0019899	F	enzyme binding	9464
89	GO:0046983	F	protein dimerization activity	9345
90	GO:0005506	F	iron ion binding	9103
91	GO:0000049	F	tRNA binding	9102
92	GO:0016747	F	acyltransferase activity, transferring groups other than amino-acyl groups	8981
93	GO:0005216	F	monoatomic ion channel activity	8916
94	GO:0022853	F	active monoatomic ion transmembrane transporter activity	8472
95	GO:0004519	F	endonuclease activity	8444
96	GO:0004175	F	endopeptidase activity	8277
97	GO:0140677	F	molecular function activator activity	8103
98	GO:0003924	F	GTPase activity	8017
99	GO:0016830	F	carbon-carbon lyase activity	7807
100	GO:0060089	F	molecular transducer activity	7718
101	GO:0016614	F	oxidoreductase activity, acting on CH-OH group of donors	7539
102	GO:0019842	F	vitamin binding	7431
103	GO:0008173	F	RNA methyltransferase activity	7423
104	GO:0180051	F	translation factor activity	7328
105	GO:0005261	F	monoatomic cation channel activity	7291
106	GO:0038023	F	signaling receptor activity	7089
107	GO:0016836	F	hydro-lyase activity	7087
108	GO:0016765	F	transferase activity, transferring alkyl or aryl (other than methyl) groups	7034
109	GO:0046906	F	tetrapyrrole binding	6975
110	GO:0016616	F	oxidoreductase activity, acting on the CH-OH group of donors, NAD or NADP as acceptor	6843
111	GO:0005102	F	signaling receptor binding	6839
112	GO:0051539	F	4 iron, 4 sulfur cluster binding	6760
113	GO:0052689	F	carboxylic ester hydrolase activity	6644
114	GO:0016651	F	oxidoreductase activity, acting on NAD(P)H	6621
115	GO:0000981	F	DNA-binding transcription factor activity, RNA polymerase II-specific	6569
116	GO:0043021	F	ribonucleoprotein complex binding	6479
117	GO:0042578	F	phosphoric ester hydrolase activity	6473
118	GO:0004540	F	RNA nuclease activity	6323
119	GO:0042626	F	ATPase-coupled transmembrane transporter activity	6267
120	GO:0015453	F	oxidoreduction-driven active transmembrane transporter activity	6264
121	GO:0140678	F	molecular function inhibitor activity	6236
122	GO:0000977	F	RNA polymerase II transcription regulatory region sequence-specific DNA binding	6230
123	GO:0060090	F	molecular adaptor activity	6165
124	GO:0020037	F	heme binding	6152
125	GO:0004672	F	protein kinase activity	6137
126	GO:0120543	F	macromolecular conformation isomerase activity	6090
127	GO:0016811	F	hydrolase activity, acting on carbon-nitrogen (but not peptide) bonds, in linear amides	5951
128	GO:0043022	F	ribosome binding	5926
129	GO:0016655	F	oxidoreductase activity, acting on NAD(P)H, quinone or similar compound as acceptor	5881
130	GO:0016798	F	hydrolase activity, acting on glycosyl bonds	5877
131	GO:0015252	F	proton channel activity	5727
132	GO:0000987	F	cis-regulatory region sequence-specific DNA binding	5693
133	GO:0003729	F	mRNA binding	5686
134	GO:0046933	F	proton-transporting ATP synthase activity, rotational mechanism	5672
135	GO:0008289	F	lipid binding	5526
136	GO:0004888	F	transmembrane signaling receptor activity	5491
137	GO:0051287	F	NAD binding	5412
138	GO:0016763	F	pentosyltransferase activity	5380
139	GO:0000978	F	RNA polymerase II cis-regulatory region sequence-specific DNA binding	5352
140	GO:0050661	F	NADP binding	5155
141	GO:0008092	F	cytoskeletal protein binding	5124
142	GO:0016831	F	carboxy-lyase activity	5088
143	GO:0030674	F	protein-macromolecule adaptor activity	5083
144	GO:0046873	F	metal ion transmembrane transporter activity	5005
145	GO:0003954	F	NADH dehydrogenase activity	4990
146	GO:0008094	F	ATP-dependent activity, acting on DNA	4983
147	GO:0042803	F	protein homodimerization activity	4949
148	GO:0120545	F	nucleic acid conformation isomerase activity	4909
149	GO:0070279	F	vitamin B6 binding	4874
150	GO:0030170	F	pyridoxal phosphate binding	4867
151	GO:0097747	F	RNA polymerase activity	4813
152	GO:0034062	F	5'-3' RNA polymerase activity	4806
153	GO:0016791	F	phosphatase activity	4800
154	GO:0140102	F	catalytic activity, acting on a rRNA	4757
155	GO:0030545	F	signaling receptor regulator activity	4748
156	GO:0005509	F	calcium ion binding	4739
157	GO:0016860	F	intramolecular oxidoreductase activity	4647
158	GO:0016758	F	hexosyltransferase activity	4643
159	GO:0008649	F	rRNA methyltransferase activity	4614
160	GO:0016705	F	oxidoreductase activity, acting on paired donors, with incorporation or reduction of molecular oxygen	4601
161	GO:0044183	F	protein folding chaperone	4586
162	GO:0160215	F	deacylase activity	4536
163	GO:0016782	F	transferase activity, transferring sulphur-containing groups	4518
164	GO:0030145	F	manganese ion binding	4483
165	GO:0030546	F	signaling receptor activator activity	4429
166	GO:0050660	F	flavin adenine dinucleotide binding	4417
167	GO:0004521	F	RNA endonuclease activity	4383
168	GO:0048018	F	receptor ligand activity	4382
169	GO:0008170	F	N-methyltransferase activity	4365
170	GO:0004536	F	DNA nuclease activity	4303
171	GO:0004386	F	helicase activity	4295
172	GO:0004674	F	protein serine/threonine kinase activity	4240
173	GO:0140104	F	molecular carrier activity	4161
174	GO:0016866	F	intramolecular transferase activity	4126
175	GO:0008237	F	metallopeptidase activity	4033
176	GO:0004553	F	hydrolase activity, hydrolyzing O-glycosyl compounds	4027
177	GO:0015291	F	secondary active transmembrane transporter activity	3956
178	GO:0004857	F	enzyme inhibitor activity	3952
179	GO:0017171	F	serine hydrolase activity	3905
180	GO:0004527	F	exonuclease activity	3897
181	GO:0008236	F	serine-type peptidase activity	3862
182	GO:0106310	F	protein serine kinase activity	3829
183	GO:0003899	F	DNA-directed RNA polymerase activity	3752
184	GO:0016776	F	phosphotransferase activity, phosphate group as acceptor	3651
185	GO:0003746	F	translation elongation factor activity	3613
186	GO:0019205	F	nucleobase-containing compound kinase activity	3603
187	GO:0016861	F	intramolecular oxidoreductase activity, interconverting aldoses and ketoses	3591
188	GO:0016755	F	aminoacyltransferase activity	3524
189	GO:1901681	F	sulfur compound binding	3446
190	GO:0008137	F	NADH dehydrogenase (ubiquinone) activity	3428
191	GO:0008047	F	enzyme activator activity	3381
192	GO:0016881	F	acid-amino acid ligase activity	3332
193	GO:0004520	F	DNA endonuclease activity	3325
194	GO:0016903	F	oxidoreductase activity, acting on the aldehyde or oxo group of donors	3318
195	GO:0004497	F	monooxygenase activity	3296
196	GO:0030246	F	carbohydrate binding	3224
197	GO:0002161	F	aminoacyl-tRNA deacylase activity	3213
198	GO:0004930	F	G protein-coupled receptor activity	3212
199	GO:0004252	F	serine-type endopeptidase activity	3206
200	GO:0016783	F	sulfurtransferase activity	3181
201	GO:0003682	F	chromatin binding	3180
202	GO:0016814	F	hydrolase activity, acting on carbon-nitrogen (but not peptide) bonds, in cyclic amidines	3169
203	GO:0016209	F	antioxidant activity	3053
204	GO:0019900	F	kinase binding	3050
205	GO:0016884	F	carbon-nitrogen ligase activity, with glutamine as amido-N-donor	3012
206	GO:0016627	F	oxidoreductase activity, acting on the CH-CH group of donors	2973
207	GO:0005543	F	phospholipid binding	2942
208	GO:0019787	F	ubiquitin-like protein transferase activity	2901
209	GO:0008194	F	UDP-glycosyltransferase activity	2865
210	GO:0016891	F	RNA endonuclease activity producing 5'-phosphomonoesters, hydrolytic mechanism	2855
211	GO:0003712	F	transcription coregulator activity	2802
212	GO:0016620	F	oxidoreductase activity, acting on the aldehyde or oxo group of donors, NAD or NADP as acceptor	2796
213	GO:0060589	F	nucleoside-triphosphatase regulator activity	2786
214	GO:0016742	F	hydroxymethyl-, formyl- and related transferase activity	2733
215	GO:0140299	F	molecular sensor activity	2731
216	GO:0019901	F	protein kinase binding	2716
217	GO:0043177	F	organic acid binding	2686
218	GO:0003743	F	translation initiation factor activity	2681
219	GO:0140359	F	ABC-type transporter activity	2678
220	GO:0008175	F	tRNA methyltransferase activity	2640
221	GO:0016407	F	acetyltransferase activity	2631
222	GO:0016679	F	oxidoreductase activity, acting on diphenols and related substances as donors	2548
223	GO:0019904	F	protein domain specific binding	2542
224	GO:0070566	F	adenylyltransferase activity	2526
225	GO:0004842	F	ubiquitin-protein transferase activity	2484
226	GO:0010181	F	FMN binding	2464
227	GO:0008238	F	exopeptidase activity	2428
228	GO:0004222	F	metalloendopeptidase activity	2411
229	GO:0008408	F	3'-5' exonuclease activity	2398
230	GO:0016684	F	oxidoreductase activity, acting on peroxide as acceptor	2374
231	GO:0004601	F	peroxidase activity	2350
232	GO:0016769	F	transferase activity, transferring nitrogenous groups	2344
233	GO:0003678	F	DNA helicase activity	2305
234	GO:0004359	F	glutaminase activity	2300
235	GO:0008134	F	transcription factor binding	2295
236	GO:0061659	F	ubiquitin-like protein ligase activity	2260
237	GO:0019829	F	ATPase-coupled monoatomic cation transmembrane transporter activity	2254
238	GO:0141108	F	transporter regulator activity	2252
239	GO:0051537	F	2 iron, 2 sulfur cluster binding	2241
240	GO:0016840	F	carbon-nitrogen lyase activity	2217
241	GO:0030695	F	GTPase regulator activity	2203
242	GO:0003779	F	actin binding	2203
243	GO:0016247	F	channel regulator activity	2201
244	GO:0003684	F	damaged DNA binding	2181
245	GO:0003697	F	single-stranded DNA binding	2171
246	GO:0015631	F	tubulin binding	2169
247	GO:0061134	F	peptidase regulator activity	2165
248	GO:0099106	F	ion channel regulator activity	2147
249	GO:0016667	F	oxidoreductase activity, acting on a sulfur group of donors	2119
250	GO:0019238	F	cyclohydrolase activity	2118
251	GO:0016854	F	racemase and epimerase activity	2112
252	GO:0022836	F	gated channel activity	2109
253	GO:0070180	F	large ribosomal subunit rRNA binding	2106
254	GO:0003955	F	NAD(P)H dehydrogenase (quinone) activity	2103
255	GO:0001216	F	DNA-binding transcription activator activity	2065
256	GO:0008483	F	transaminase activity	2064
257	GO:0061630	F	ubiquitin protein ligase activity	2058
258	GO:0050136	F	NADH dehydrogenase (quinone) (non-electrogenic) activity	2024
259	GO:0016838	F	carbon-oxygen lyase activity, acting on phosphates	2020
260	GO:0031406	F	carboxylic acid binding	1994
261	GO:0140662	F	ATP-dependent protein folding chaperone	1972
262	GO:0005179	F	hormone activity	1969
263	GO:0061135	F	endopeptidase regulator activity	1967
264	GO:0050145	F	nucleoside monophosphate kinase activity	1967
265	GO:0022884	F	macromolecule transmembrane transporter activity	1961
266	GO:0016774	F	phosphotransferase activity, carboxyl group as acceptor	1949
267	GO:0043531	F	ADP binding	1945
268	GO:0008186	F	ATP-dependent activity, acting on RNA	1944
269	GO:0046982	F	protein heterodimerization activity	1937
270	GO:0030414	F	peptidase inhibitor activity	1935
271	GO:0070181	F	small ribosomal subunit rRNA binding	1915
272	GO:0008234	F	cysteine-type peptidase activity	1906
273	GO:0008121	F	quinol-cytochrome-c reductase activity	1888
274	GO:0046943	F	carboxylic acid transmembrane transporter activity	1879
275	GO:0016151	F	nickel cation binding	1874
276	GO:0016645	F	oxidoreductase activity, acting on the CH-NH group of donors	1867
277	GO:0019207	F	kinase regulator activity	1865
278	GO:0003724	F	RNA helicase activity	1864
279	GO:0051087	F	protein-folding chaperone binding	1857
280	GO:0004532	F	RNA exonuclease activity	1856
281	GO:0004866	F	endopeptidase inhibitor activity	1854
282	GO:0016743	F	carboxyl- or carbamoyltransferase activity	1851
283	GO:0016896	F	RNA exonuclease activity, producing 5'-phosphomonoesters	1829
284	GO:0140612	F	DNA damage sensor activity	1819
285	GO:0140664	F	ATP-dependent DNA damage sensor activity	1798
286	GO:0016780	F	phosphotransferase activity, for other substituted phosphate groups	1792
287	GO:0008171	F	O-methyltransferase activity	1766
288	GO:0140297	F	DNA-binding transcription factor binding	1765
289	GO:0016298	F	lipase activity	1762
290	GO:0001664	F	G protein-coupled receptor binding	1754
291	GO:0140318	F	protein transporter activity	1754
292	GO:0015079	F	potassium ion transmembrane transporter activity	1750
293	GO:0008276	F	protein methyltransferase activity	1750
294	GO:0016725	F	oxidoreductase activity, acting on CH or CH2 groups	1748
295	GO:0016799	F	hydrolase activity, hydrolyzing N-glycosyl compounds	1743
296	GO:0001228	F	DNA-binding transcription activator activity, RNA polymerase II-specific	1738
297	GO:0008320	F	transmembrane protein transporter activity	1729
298	GO:0008017	F	microtubule binding	1723
299	GO:0019887	F	protein kinase regulator activity	1721
300	GO:0015297	F	antiporter activity	1701
301	GO:0141110	F	transporter inhibitor activity	1697
302	GO:0051213	F	dioxygenase activity	1695
303	GO:0016868	F	intramolecular phosphotransferase activity	1694
304	GO:0005126	F	cytokine receptor binding	1686
305	GO:0016248	F	channel inhibitor activity	1683
306	GO:0008200	F	ion channel inhibitor activity	1676
307	GO:0016597	F	amino acid binding	1664
308	GO:0005507	F	copper ion binding	1652
309	GO:0050839	F	cell adhesion molecule binding	1644
310	GO:0090729	F	toxin activity	1626
311	GO:0015293	F	symporter activity	1599
312	GO:0015081	F	sodium ion transmembrane transporter activity	1588
313	GO:0048029	F	monosaccharide binding	1573
314	GO:0000175	F	3'-5'-RNA exonuclease activity	1568
315	GO:0071949	F	FAD binding	1561
316	GO:0048038	F	quinone binding	1525
317	GO:0008081	F	phosphoric diester hydrolase activity	1517
318	GO:0004721	F	phosphoprotein phosphatase activity	1480
319	GO:0016877	F	ligase activity, forming carbon-sulfur bonds	1471
320	GO:0004659	F	prenyltransferase activity	1467
321	GO:0140993	F	histone modifying activity	1461
322	GO:0070567	F	cytidylyltransferase activity	1458
323	GO:0016849	F	phosphorus-oxygen lyase activity	1438
324	GO:0016638	F	oxidoreductase activity, acting on the CH-NH2 group of donors	1432
325	GO:0016646	F	oxidoreductase activity, acting on the CH-NH group of donors, NAD or NADP as acceptor	1431
326	GO:0000217	F	DNA secondary structure binding	1412
327	GO:0004177	F	aminopeptidase activity	1396
328	GO:0016859	F	cis-trans isomerase activity	1393
329	GO:0008169	F	C-methyltransferase activity	1393
330	GO:0009982	F	pseudouridine synthase activity	1393
331	GO:0016628	F	oxidoreductase activity, acting on the CH-CH group of donors, NAD or NADP as acceptor	1391
332	GO:0019239	F	deaminase activity	1381
333	GO:0120569	F	phospholipase activity	1370
334	GO:0003755	F	peptidyl-prolyl cis-trans isomerase activity	1336
335	GO:0015171	F	amino acid transmembrane transporter activity	1336
336	GO:0004620	F	glycerophospholipase activity	1330
337	GO:0008080	F	N-acetyltransferase activity	1308
338	GO:0008235	F	metalloexopeptidase activity	1307
339	GO:0042625	F	ATPase-coupled ion transmembrane transporter activity	1296
340	GO:0044769	F	ATPase activity, coupled to transmembrane movement of ions, rotational mechanism	1296
341	GO:0016744	F	transketolase or transaldolase activity	1293
342	GO:0046961	F	proton-transporting ATPase activity, rotational mechanism	1292
343	GO:0031072	F	heat shock protein binding	1290
344	GO:0003713	F	transcription coactivator activity	1287
345	GO:0051020	F	GTPase binding	1275
346	GO:0005125	F	cytokine activity	1272
347	GO:0016433	F	rRNA (adenine) methyltransferase activity	1270
348	GO:0072341	F	modified amino acid binding	1268
349	GO:0034061	F	DNA polymerase activity	1266
350	GO:0004523	F	RNA-DNA hybrid ribonuclease activity	1249
351	GO:0016878	F	acid-thiol ligase activity	1248
352	GO:0047429	F	nucleoside triphosphate diphosphatase activity	1247
353	GO:0015144	F	carbohydrate transmembrane transporter activity	1245
354	GO:0000400	F	four-way junction DNA binding	1245
355	GO:0004867	F	serine-type endopeptidase inhibitor activity	1244
356	GO:0051015	F	actin filament binding	1238
357	GO:0046915	F	transition metal ion transmembrane transporter activity	1235
358	GO:0061629	F	RNA polymerase II-specific DNA-binding transcription factor binding	1226
359	GO:0106029	F	tRNA pseudouridine synthase activity	1216
360	GO:0008509	F	monoatomic anion transmembrane transporter activity	1207
361	GO:0009378	F	four-way junction helicase activity	1205
362	GO:0050567	F	glutaminyl-tRNA synthase (glutamine-hydrolyzing) activity	1201
363	GO:0015294	F	solute:monoatomic cation symporter activity	1198
364	GO:0019825	F	oxygen binding	1188
365	GO:0030983	F	mismatched DNA binding	1186
366	GO:0019200	F	carbohydrate kinase activity	1185
367	GO:0016661	F	oxidoreductase activity, acting on other nitrogenous compounds as donors	1183
368	GO:0120544	F	polypeptide conformation or assembly isomerase activity	1181
369	GO:0016423	F	tRNA (guanine) methyltransferase activity	1173
370	GO:0016832	F	aldehyde-lyase activity	1165
371	GO:0031267	F	small GTPase binding	1162
372	GO:0016405	F	CoA-ligase activity	1159
373	GO:0003887	F	DNA-directed DNA polymerase activity	1156
374	GO:0044389	F	ubiquitin-like protein ligase binding	1156
375	GO:0046527	F	glucosyltransferase activity	1133
376	GO:0050997	F	quaternary ammonium group binding	1133
377	GO:0030527	F	structural constituent of chromatin	1132
378	GO:0016855	F	racemase and epimerase activity, acting on amino acids and derivatives	1132
379	GO:0022834	F	ligand-gated channel activity	1130
380	GO:0016886	F	ligase activity, forming phosphoric ester bonds	1129
381	GO:0001217	F	DNA-binding transcription repressor activity	1126
382	GO:0016435	F	rRNA (guanine) methyltransferase activity	1125
383	GO:0008097	F	5S rRNA binding	1125
384	GO:0015276	F	ligand-gated monoatomic ion channel activity	1111
385	GO:0047661	F	amino-acid racemase activity	1096
386	GO:0008079	F	translation termination factor activity	1087
387	GO:0003747	F	translation release factor activity	1083
388	GO:0005085	F	guanyl-nucleotide exchange factor activity	1078
389	GO:0016812	F	hydrolase activity, acting on carbon-nitrogen (but not peptide) bonds, in cyclic amides	1067
390	GO:0003968	F	RNA-directed RNA polymerase activity	1065
391	GO:0031625	F	ubiquitin protein ligase binding	1052
392	GO:0019104	F	DNA N-glycosylase activity	1050
393	GO:0004529	F	DNA exonuclease activity	1046
394	GO:1901981	F	phosphatidylinositol phosphate binding	1041
395	GO:0005096	F	GTPase activator activity	1034
396	GO:0008375	F	acetylglucosaminyltransferase activity	1033
397	GO:0005319	F	lipid carrier activity	1031
398	GO:0016149	F	translation release factor activity, codon specific	1028
399	GO:0004197	F	cysteine-type endopeptidase activity	1025
400	GO:0004176	F	ATP-dependent peptidase activity	1024
401	GO:0003774	F	cytoskeletal motor activity	1023
402	GO:0016895	F	DNA exonuclease activity, producing 5'-phosphomonoesters	1019
403	GO:0003727	F	single-stranded RNA binding	1000
404	GO:0047507	F	deoxynucleoside phosphate kinase activity, ATP as phosphate donor	995
405	GO:0030976	F	thiamine pyrophosphate binding	987
406	GO:0042393	F	histone binding	987
407	GO:0008083	F	growth factor activity	986
408	GO:0070001	F	aspartic-type peptidase activity	982
409	GO:0004549	F	tRNA-specific ribonuclease activity	982
410	GO:0004190	F	aspartic-type endopeptidase activity	976
411	GO:0015036	F	disulfide oxidoreductase activity	975
412	GO:0140385	F	amino acid transaminase activity	974
413	GO:0016434	F	rRNA (cytosine) methyltransferase activity	971
414	GO:0003909	F	DNA ligase activity	969
415	GO:0016675	F	oxidoreductase activity, acting on a heme group of donors	968
416	GO:0035251	F	UDP-glucosyltransferase activity	965
417	GO:0016888	F	DNA endonuclease activity, producing 5'-phosphomonoesters	962
418	GO:0016712	F	oxidoreductase activity, acting on paired donors, with incorporation or reduction of molecular oxygen, reduced flavin or flavoprotein as one donor, and incorporation of one atom of oxygen	961
419	GO:0016208	F	AMP binding	955
420	GO:0003725	F	double-stranded RNA binding	950
421	GO:0005253	F	monoatomic anion channel activity	945
422	GO:0050497	F	alkylthioltransferase activity	944
423	GO:0004814	F	arginine-tRNA ligase activity	940
424	GO:0051117	F	ATPase binding	937
425	GO:0140597	F	protein carrier activity	931
426	GO:1901505	F	carbohydrate derivative transmembrane transporter activity	931
427	GO:0001227	F	DNA-binding transcription repressor activity, RNA polymerase II-specific	926
428	GO:0005344	F	oxygen carrier activity	925
429	GO:0019213	F	deacetylase activity	918
430	GO:0043024	F	ribosomal small subunit binding	914
431	GO:0003861	F	3-isopropylmalate dehydratase activity	906
432	GO:0035596	F	methylthiotransferase activity	904
433	GO:0016880	F	acid-ammonia (or amide) ligase activity	898
434	GO:0009381	F	excinuclease ABC activity	897
435	GO:0004713	F	protein tyrosine kinase activity	895
436	GO:0015450	F	protein-transporting ATPase activity	892
437	GO:0043023	F	ribosomal large subunit binding	891
438	GO:0046912	F	acyltransferase activity, acyl groups converted into alkyl on transfer	884
439	GO:0016885	F	ligase activity, forming carbon-carbon bonds	883
440	GO:0003714	F	transcription corepressor activity	880
441	GO:0016730	F	oxidoreductase activity, acting on iron-sulfur proteins as donors	880
442	GO:0022832	F	voltage-gated channel activity	878
443	GO:0004818	F	glutamate-tRNA ligase activity	876
444	GO:0001882	F	nucleoside binding	875
445	GO:0005244	F	voltage-gated monoatomic ion channel activity	869
446	GO:0004826	F	phenylalanine-tRNA ligase activity	868
447	GO:0042277	F	peptide binding	863
448	GO:0016843	F	amine-lyase activity	858
449	GO:0016421	F	CoA carboxylase activity	855
450	GO:1901682	F	sulfur compound transmembrane transporter activity	853
451	GO:0016278	F	lysine N-methyltransferase activity	849
452	GO:0016279	F	protein-lysine N-methyltransferase activity	847
453	GO:0016775	F	phosphotransferase activity, nitrogenous group as acceptor	846
454	GO:0070569	F	uridylyltransferase activity	845
455	GO:0004129	F	cytochrome-c oxidase activity	842
456	GO:0019902	F	phosphatase binding	835
457	GO:0019783	F	ubiquitin-like protein peptidase activity	834
458	GO:0016984	F	ribulose-bisphosphate carboxylase activity	834
459	GO:0140828	F	metal cation:monoatomic cation antiporter activity	831
460	GO:0016701	F	oxidoreductase activity, acting on single donors with incorporation of molecular oxygen	828
461	GO:0019202	F	amino acid kinase activity	826
462	GO:0032549	F	ribonucleoside binding	823
463	GO:0004834	F	tryptophan synthase activity	821
464	GO:0004722	F	protein serine/threonine phosphatase activity	817
465	GO:0003989	F	acetyl-CoA carboxylase activity	815
466	GO:0070006	F	metalloaminopeptidase activity	811
467	GO:0001653	F	peptide receptor activity	810
468	GO:0016615	F	malate dehydrogenase activity	806
469	GO:0140767	F	enzyme-substrate adaptor activity	806
470	GO:0005516	F	calmodulin binding	795
471	GO:0005539	F	glycosaminoglycan binding	795
472	GO:0005200	F	structural constituent of cytoskeleton	795
473	GO:0140358	F	P-type transmembrane transporter activity	793
474	GO:0000107	F	imidazoleglycerol-phosphate synthase activity	791
475	GO:0003911	F	DNA ligase (NAD+) activity	784
476	GO:0015926	F	glucosidase activity	783
477	GO:0019208	F	phosphatase regulator activity	782
478	GO:0015662	F	P-type ion transporter activity	782
479	GO:0004315	F	3-oxoacyl-[acyl-carrier-protein] synthase activity	781
480	GO:0004821	F	histidine-tRNA ligase activity	777
481	GO:0106130	F	purine phosphoribosyltransferase activity	777
482	GO:0018455	F	alcohol dehydrogenase [NAD(P)+] activity	776
483	GO:0003925	F	G protein activity	773
484	GO:0019209	F	kinase activator activity	772
485	GO:0016706	F	2-oxoglutarate-dependent dioxygenase activity	770
486	GO:0016702	F	oxidoreductase activity, acting on single donors with incorporation of molecular oxygen, incorporation of two atoms of oxygen	770
487	GO:0004030	F	aldehyde dehydrogenase [NAD(P)+] activity	770
488	GO:0070063	F	RNA polymerase binding	770
489	GO:0003906	F	DNA-(apurinic or apyrimidinic site) endonuclease activity	769
490	GO:0015085	F	calcium ion transmembrane transporter activity	767
491	GO:0101005	F	deubiquitinase activity	765
492	GO:0017080	F	sodium channel regulator activity	764
493	GO:0004017	F	AMP kinase activity	740
494	GO:0004634	F	phosphopyruvate hydratase activity	740
495	GO:0004827	F	proline-tRNA ligase activity	738
496	GO:0033293	F	monocarboxylic acid binding	735
497	GO:0030295	F	protein kinase activator activity	734
498	GO:0031177	F	phosphopantetheine binding	731
499	GO:0004623	F	A2-type glycerophospholipase activity	731
500	GO:0140375	F	immune receptor activity	730
501	GO:0032182	F	ubiquitin-like protein binding	730
502	GO:0070402	F	NADPH binding	730
503	GO:0016833	F	oxo-acid-lyase activity	729
504	GO:0004372	F	glycine hydroxymethyltransferase activity	727
505	GO:0019888	F	protein phosphatase regulator activity	726
506	GO:0052592	F	oxidoreductase activity, acting on CH or CH2 groups, with an iron-sulfur protein as acceptor	726
507	GO:0008528	F	G protein-coupled peptide receptor activity	723
508	GO:0070851	F	growth factor receptor binding	721
509	GO:0004019	F	adenylosuccinate synthase activity	720
510	GO:0008564	F	protein-exporting ATPase activity	717
511	GO:0090482	F	vitamin transmembrane transporter activity	716
512	GO:0015035	F	protein-disulfide reductase activity	711
513	GO:0004029	F	aldehyde dehydrogenase (NAD+) activity	709
514	GO:0004817	F	cysteine-tRNA ligase activity	708
515	GO:0071424	F	rRNA (cytosine-N4-)-methyltransferase activity	708
516	GO:0016790	F	thiolester hydrolase activity	703
517	GO:0051139	F	metal cation:proton antiporter activity	703
518	GO:0003688	F	DNA replication origin binding	698
519	GO:0004984	F	olfactory receptor activity	695
520	GO:0004488	F	methylenetetrahydrofolate dehydrogenase (NADP+) activity	694
521	GO:0070043	F	rRNA (guanine-N7-)-methyltransferase activity	694
522	GO:0016436	F	rRNA (uridine) methyltransferase activity	693
523	GO:0016846	F	carbon-sulfur lyase activity	692
524	GO:0052381	F	tRNA dimethylallyltransferase activity	692
525	GO:0004820	F	glycine-tRNA ligase activity	689
526	GO:0004828	F	serine-tRNA ligase activity	689
527	GO:0070003	F	threonine-type peptidase activity	689
528	GO:0004477	F	methenyltetrahydrofolate cyclohydrolase activity	688
529	GO:0004823	F	leucine-tRNA ligase activity	688
530	GO:0019955	F	cytokine binding	687
531	GO:0031720	F	haptoglobin binding	686
532	GO:0019903	F	protein phosphatase binding	680
533	GO:0016842	F	amidine-lyase activity	679
534	GO:0005496	F	steroid binding	677
535	GO:0004673	F	protein histidine kinase activity	676
536	GO:0016426	F	tRNA (adenine) methyltransferase activity	676
537	GO:0010333	F	terpene synthase activity	675
538	GO:0099094	F	ligand-gated monoatomic cation channel activity	673
539	GO:0004813	F	alanine-tRNA ligase activity	670
540	GO:0004654	F	polyribonucleotide nucleotidyltransferase activity	667
541	GO:0004550	F	nucleoside diphosphate kinase activity	661
542	GO:0008252	F	nucleotidase activity	660
543	GO:0003730	F	mRNA 3'-UTR binding	657
544	GO:0043130	F	ubiquitin binding	657
545	GO:0003933	F	GTP cyclohydrolase activity	656
546	GO:0016889	F	DNA endonuclease activity, producing 3'-phosphomonoesters	655
547	GO:0062105	F	RNA 2'-O-methyltransferase activity	654
548	GO:0004619	F	phosphoglycerate mutase activity	652
549	GO:0019871	F	sodium channel inhibitor activity	651
550	GO:0009039	F	urease activity	651
551	GO:0004843	F	cysteine-type deubiquitinase activity	650
552	GO:0103016	F	tRNA-uridine 2-sulfurtransferase activity	650
553	GO:0008198	F	ferrous iron binding	649
554	GO:0004640	F	phosphoribosylanthranilate isomerase activity	649
555	GO:0004815	F	aspartate-tRNA ligase activity	647
556	GO:0061711	F	tRNA N(6)-L-threonylcarbamoyladenine synthase activity	647
557	GO:0004045	F	peptidyl-tRNA hydrolase activity	643
558	GO:0004478	F	methionine adenosyltransferase activity	642
559	GO:0022843	F	voltage-gated monoatomic cation channel activity	641
560	GO:0016857	F	racemase and epimerase activity, acting on carbohydrates and derivatives	640
561	GO:0008821	F	crossover junction DNA endonuclease activity	640
562	GO:0016882	F	cyclo-ligase activity	636
563	GO:0000155	F	phosphorelay sensor kinase activity	634
564	GO:0003988	F	acetyl-CoA C-acyltransferase activity	634
565	GO:0004526	F	ribonuclease P activity	634
566	GO:0016709	F	oxidoreductase activity, acting on paired donors, with incorporation or reduction of molecular oxygen, NAD(P)H as one donor, and incorporation of one atom of oxygen	632
567	GO:0008409	F	5'-3' exonuclease activity	632
568	GO:0042562	F	hormone binding	631
569	GO:0015605	F	organophosphate ester transmembrane transporter activity	631
570	GO:0008855	F	exodeoxyribonuclease VII activity	631
571	GO:0042781	F	3'-tRNA processing endoribonuclease activity	631
572	GO:0015108	F	chloride transmembrane transporter activity	628
573	GO:0019203	F	carbohydrate phosphatase activity	628
574	GO:0004298	F	threonine-type endopeptidase activity	624
575	GO:0016841	F	ammonia-lyase activity	623
576	GO:1990756	F	ubiquitin-like ligase-substrate adaptor activity	623
577	GO:0016300	F	tRNA (uridine) methyltransferase activity	623
578	GO:1902936	F	phosphatidylinositol bisphosphate binding	623
579	GO:0016668	F	oxidoreductase activity, acting on a sulfur group of donors, NAD(P) as acceptor	622
580	GO:0004618	F	phosphoglycerate kinase activity	622
581	GO:0043138	F	3'-5' DNA helicase activity	621
582	GO:0050897	F	cobalt ion binding	621
583	GO:0050308	F	sugar-phosphatase activity	621
584	GO:0051119	F	sugar transmembrane transporter activity	618
585	GO:0000179	F	rRNA (adenine-N6,N6-)-dimethyltransferase activity	616
586	GO:0140463	F	chromatin-protein adaptor activity	615
587	GO:0016863	F	intramolecular oxidoreductase activity, transposing C=C bonds	614
588	GO:0120013	F	lipid transfer activity	613
589	GO:0004615	F	phosphomannomutase activity	606
590	GO:0016869	F	intramolecular aminotransferase activity	606
591	GO:0005315	F	phosphate transmembrane transporter activity	606
592	GO:0019210	F	kinase inhibitor activity	605
593	GO:0070403	F	NAD+ binding	602
594	GO:0016671	F	oxidoreductase activity, acting on a sulfur group of donors, disulfide as acceptor	601
595	GO:0035091	F	phosphatidylinositol binding	600
596	GO:0016413	F	O-acetyltransferase activity	599
597	GO:0004107	F	chorismate synthase activity	594
598	GO:0043178	F	alcohol binding	593
599	GO:0015179	F	L-amino acid transmembrane transporter activity	592
600	GO:0016726	F	oxidoreductase activity, acting on CH or CH2 groups, NAD or NADP as acceptor	592
601	GO:0008253	F	5'-nucleotidase activity	592
602	GO:0004829	F	threonine-tRNA ligase activity	590
603	GO:0000149	F	SNARE binding	589
604	GO:0008172	F	S-methyltransferase activity	588
605	GO:0004479	F	methionyl-tRNA formyltransferase activity	588
606	GO:0005267	F	potassium channel activity	587
607	GO:0016748	F	succinyltransferase activity	587
608	GO:0004180	F	carboxypeptidase activity	586
609	GO:1904047	F	S-adenosyl-L-methionine binding	585
610	GO:0004860	F	protein kinase inhibitor activity	583
611	GO:0015370	F	solute:sodium symporter activity	582
612	GO:0031490	F	chromatin DNA binding	582
613	GO:0060590	F	ATPase regulator activity	582
614	GO:0061783	F	peptidoglycan muralytic activity	580
615	GO:0005262	F	calcium channel activity	579
616	GO:0050511	F	undecaprenyldiphospho-muramoylpentapeptide beta-N-acetylglucosaminyltransferase activity	579
617	GO:0042286	F	glutamate-1-semialdehyde 2,1-aminomutase activity	577
618	GO:0005178	F	integrin binding	576
619	GO:0000774	F	adenyl-nucleotide exchange factor activity	576
620	GO:0004457	F	lactate dehydrogenase activity	574
621	GO:0016813	F	hydrolase activity, acting on carbon-nitrogen (but not peptide) bonds, in linear amidines	573
622	GO:0004070	F	aspartate carbamoyltransferase activity	572
623	GO:0003866	F	3-phosphoshikimate 1-carboxyvinyltransferase activity	572
624	GO:0004725	F	protein tyrosine phosphatase activity	570
625	GO:0008966	F	phosphoglucosamine mutase activity	567
626	GO:0019171	F	(3R)-hydroxyacyl-[acyl-carrier-protein] dehydratase activity	565
627	GO:0016641	F	oxidoreductase activity, acting on the CH-NH2 group of donors, oxygen as acceptor	563
628	GO:0016168	F	chlorophyll binding	562
629	GO:0003883	F	CTP synthase activity	562
630	GO:0008201	F	heparin binding	561
631	GO:0052906	F	tRNA (guanine(37)-N1)-methyltransferase activity	559
632	GO:0008763	F	UDP-N-acetylmuramate-L-alanine ligase activity	557
633	GO:0008963	F	phospho-N-acetylmuramoyl-pentapeptide-transferase activity	557
634	GO:0015932	F	nucleobase-containing compound transmembrane transporter activity	555
635	GO:0003922	F	GMP synthase (glutamine-hydrolyzing) activity	555
636	GO:0003856	F	3-dehydroquinate synthase activity	553
637	GO:0120556	F	polyprenyl diphosphate phosphatase activity	553
638	GO:0106405	F	isoprenoid diphosphate phosphatase activity	553
639	GO:0042054	F	histone methyltransferase activity	549
640	GO:0003977	F	UDP-N-acetylglucosamine diphosphorylase activity	547
641	GO:0003949	F	1-(5-phosphoribosyl)-5-[(5-phosphoribosylamino)methylideneamino]imidazole-4-carboxamide isomerase activity	547
642	GO:0003921	F	GMP synthase activity	547
643	GO:0000156	F	phosphorelay response regulator activity	546
644	GO:0004636	F	phosphoribosyl-ATP diphosphatase activity	546
645	GO:0004347	F	glucose-6-phosphate isomerase activity	544
646	GO:0004056	F	argininosuccinate lyase activity	540
647	GO:0005201	F	extracellular matrix structural constituent	538
648	GO:0004022	F	alcohol dehydrogenase (NAD+) activity	536
649	GO:0009975	F	cyclase activity	536
650	GO:0046857	F	oxidoreductase activity, acting on other nitrogenous compounds as donors, with NAD or NADP as acceptor	536
651	GO:0015295	F	solute:proton symporter activity	535
652	GO:0042910	F	xenobiotic transmembrane transporter activity	534
653	GO:0019199	F	transmembrane receptor protein kinase activity	534
654	GO:0004807	F	triose-phosphate isomerase activity	532
655	GO:0016682	F	oxidoreductase activity, acting on diphenols and related substances as donors, oxygen as acceptor	532
656	GO:0004590	F	orotidine-5'-phosphate decarboxylase activity	532
657	GO:0003852	F	2-isopropylmalate synthase activity	532
658	GO:0004611	F	phosphoenolpyruvate carboxykinase activity	531
659	GO:0050380	F	undecaprenyl-diphosphatase activity	531
660	GO:0004455	F	ketol-acid reductoisomerase activity	528
661	GO:0019134	F	glucosamine-1-phosphate N-acetyltransferase activity	526
662	GO:0004810	F	CCA tRNA nucleotidyltransferase activity	526
663	GO:0004822	F	isoleucine-tRNA ligase activity	526
664	GO:0008422	F	beta-glucosidase activity	523
665	GO:0002020	F	protease binding	523
666	GO:0015145	F	monosaccharide transmembrane transporter activity	523
667	GO:0019838	F	growth factor binding	523
668	GO:0008556	F	P-type potassium transmembrane transporter activity	522
669	GO:0051991	F	UDP-N-acetyl-D-glucosamine:N-acetylmuramoyl-L-alanyl-D-glutamyl-meso-2,6-diaminopimelyl-D-alanyl-D-alanine-diphosphoundecaprenol 4-beta-N-acetylglucosaminlytransferase activity	522
670	GO:0035597	F	tRNA-2-methylthio-N(6)-dimethylallyladenosine(37) synthase activity	522
671	GO:0044325	F	transmembrane transporter binding	521
672	GO:0070040	F	rRNA (adenine(2503)-C2-)-methyltransferase activity	521
673	GO:0002935	F	tRNA (adenine(37)-C2)-methyltransferase activity	520
674	GO:0008716	F	D-alanine-D-alanine ligase activity	520
675	GO:0160147	F	tRNA pseudouridine(38-40) synthase activity	520
676	GO:0043495	F	protein-membrane adaptor activity	519
677	GO:0008839	F	4-hydroxy-tetrahydrodipicolinate reductase activity	519
678	GO:0140171	F	L-lactate dehydrogenase activity	516
679	GO:0016453	F	C-acetyltransferase activity	516
680	GO:0032977	F	membrane insertase activity	516
681	GO:0047952	F	glycerol-3-phosphate dehydrogenase [NAD(P)+] activity	515
682	GO:0004350	F	glutamate-5-semialdehyde dehydrogenase (NADP+) activity	515
683	GO:0141152	F	glycerol-3-phosphate dehydrogenase (NAD+) activity	513
684	GO:0022829	F	wide pore channel activity	513
685	GO:0031491	F	nucleosome binding	513
686	GO:0030594	F	neurotransmitter receptor activity	512
687	GO:0140078	F	class I DNA-(apurinic or apyrimidinic site) endonuclease activity	512
688	GO:0102443	F	L-2-hydroxycarboxylate dehydrogenase (NAD+) activity	511
689	GO:0030060	F	L-malate dehydrogenase (NAD+) activity	511
690	GO:0004048	F	anthranilate phosphoribosyltransferase activity	511
691	GO:0004896	F	cytokine receptor activity	509
692	GO:0004595	F	pantetheine-phosphate adenylyltransferase activity	509
693	GO:0004459	F	L-lactate dehydrogenase (NAD+) activity	508
694	GO:0070568	F	guanylyltransferase activity	508
695	GO:0004055	F	argininosuccinate synthase activity	508
696	GO:0015385	F	sodium:proton antiporter activity	507
697	GO:0004798	F	dTMP kinase activity	506
698	GO:0052908	F	16S rRNA (adenine(1518)-N(6)/adenine(1519)-N(6))-dimethyltransferase activity	505
699	GO:0016992	F	lipoate synthase activity	505
700	GO:0160041	F	neuropeptide activity	504
701	GO:0035591	F	signaling adaptor activity	503
702	GO:0004160	F	dihydroxy-acid dehydratase activity	503
703	GO:0051992	F	UDP-N-acetylmuramoyl-L-alanyl-D-glutamyl-meso-2,6-diaminopimelyl-D-alanyl-D-alanine:undecaprenyl-phosphate transferase activity	503
704	GO:0045296	F	cadherin binding	503
705	GO:0008990	F	rRNA (guanine-N2-)-methyltransferase activity	502
706	GO:0140313	F	molecular sequestering activity	501
707	GO:0070037	F	rRNA (pseudouridine) methyltransferase activity	500
708	GO:0008897	F	holo-[acyl-carrier-protein] synthase activity	499
709	GO:0008840	F	4-hydroxy-tetrahydrodipicolinate synthase activity	499
710	GO:0030247	F	polysaccharide binding	498
711	GO:0050515	F	4-(cytidine 5'-diphospho)-2-C-methyl-D-erythritol kinase activity	498
712	GO:0004594	F	pantothenate kinase activity	498
713	GO:0050566	F	asparaginyl-tRNA synthase (glutamine-hydrolyzing) activity	495
714	GO:0004637	F	phosphoribosylamine-glycine ligase activity	494
715	GO:0004325	F	protoporphyrin ferrochelatase activity	494
716	GO:0061799	F	cyclic pyranopterin monophosphate synthase activity	493
717	GO:0003855	F	3-dehydroquinate dehydratase activity	493
718	GO:0003991	F	acetylglutamate kinase activity	493
719	GO:0003999	F	adenine phosphoribosyltransferase activity	493
720	GO:0003916	F	DNA topoisomerase activity	492
721	GO:0004764	F	shikimate 3-dehydrogenase (NADP+) activity	490
722	GO:0005184	F	neuropeptide hormone activity	489
723	GO:0005310	F	dicarboxylic acid transmembrane transporter activity	488
724	GO:0008883	F	glutamyl-tRNA reductase (NADP+) activity	485
725	GO:0033862	F	UMP kinase activity	485
726	GO:0032296	F	double-stranded RNA-specific ribonuclease activity	484
727	GO:0098531	F	ligand-modulated transcription factor activity	484
728	GO:0008174	F	mRNA methyltransferase activity	483
729	GO:0000030	F	mannosyltransferase activity	482
730	GO:0004525	F	ribonuclease III activity	482
731	GO:0016922	F	nuclear receptor binding	481
732	GO:0004076	F	biotin synthase activity	481
733	GO:0036431	F	dCMP kinase activity	480
734	GO:0140566	F	histone reader activity	479
735	GO:0015175	F	neutral L-amino acid transmembrane transporter activity	477
736	GO:0004424	F	imidazoleglycerol-phosphate dehydratase activity	477
737	GO:0004845	F	uracil phosphoribosyltransferase activity	477
738	GO:0004400	F	L-histidinol-phosphate:2-oxoglutarate transaminase activity	476
739	GO:0036430	F	CMP kinase activity	475
740	GO:0140186	F	protein N-acyltransferase activity	474
741	GO:0034212	F	protein N-acetyltransferase activity	473
742	GO:0004774	F	succinate-CoA ligase activity	473
743	GO:0003864	F	3-methyl-2-oxobutanoate hydroxymethyltransferase activity	473
744	GO:0004824	F	lysine-tRNA ligase activity	472
745	GO:0070038	F	rRNA (pseudouridine-N3-)-methyltransferase activity	472
746	GO:0004642	F	phosphoribosylformylglycinamidine synthase activity	472
747	GO:0004592	F	pantoate-beta-alanine ligase activity	470
748	GO:0051499	F	D-aminoacyl-tRNA deacylase activity	469
749	GO:0004096	F	catalase activity	469
750	GO:0016837	F	carbon-oxygen lyase activity, acting on polysaccharides	469
751	GO:0000702	F	oxidized base lesion DNA N-glycosylase activity	469
752	GO:0106026	F	Gly-tRNA(Ala) deacylase activity	467
753	GO:0120531	F	prenyl diphosphate synthase activity	467
754	GO:0170055	F	lipid transmembrane transporter activity	466
755	GO:0004775	F	succinate-CoA ligase (ADP-forming) activity	466
756	GO:0008176	F	tRNA (guanine(46)-N7)-methyltransferase activity	466
757	GO:0008760	F	UDP-N-acetylglucosamine 1-carboxyvinyltransferase activity	465
758	GO:0141153	F	glycerol-3-phosphate dehydrogenase (NADP+) activity	464
759	GO:0031420	F	alkali metal ion binding	464
760	GO:0001221	F	transcription coregulator binding	463
761	GO:0160148	F	tRNA pseudouridine(55) synthase activity	463
762	GO:0004879	F	nuclear receptor activity	463
763	GO:0140379	F	amino acid acyltransferase activity	460
764	GO:0019914	F	cyclin-dependent protein kinase regulator activity	458
765	GO:0016538	F	cyclin-dependent protein serine/threonine kinase regulator activity	458
766	GO:0140414	F	phosphopantetheine-dependent carrier activity	457
767	GO:0051075	F	S-adenosylmethionine:tRNA ribosyltransferase-isomerase activity	456
768	GO:0004831	F	tyrosine-tRNA ligase activity	455
769	GO:0003823	F	antigen binding	454
770	GO:0070008	F	serine-type exopeptidase activity	453
771	GO:0004776	F	succinate-CoA ligase (GDP-forming) activity	452
772	GO:0043811	F	phosphate:acyl-[acyl carrier protein] acyltransferase activity	451
773	GO:0004825	F	methionine-tRNA ligase activity	449
774	GO:0016642	F	oxidoreductase activity, acting on the CH-NH2 group of donors, disulfide as acceptor	449
775	GO:0004375	F	glycine dehydrogenase (decarboxylating) activity	449
776	GO:0003934	F	GTP cyclohydrolase I activity	448
777	GO:0000906	F	6,7-dimethyl-8-ribityllumazine synthase activity	448
778	GO:0005249	F	voltage-gated potassium channel activity	447
779	GO:0032934	F	sterol binding	446
780	GO:0008661	F	1-deoxy-D-xylulose-5-phosphate synthase activity	446
781	GO:0042132	F	fructose 1,6-bisphosphate 1-phosphatase activity	446
782	GO:0008495	F	protoheme IX farnesyltransferase activity	446
783	GO:0003985	F	acetyl-CoA C-acetyltransferase activity	445
784	GO:0005546	F	phosphatidylinositol-4,5-bisphosphate binding	443
785	GO:0008199	F	ferric iron binding	441
786	GO:0004312	F	fatty acid synthase activity	440
787	GO:0042083	F	5,10-methylenetetrahydrofolate-dependent methyltransferase activity	438
788	GO:0003951	F	NAD+ kinase activity	436
789	GO:1903425	F	fluoride transmembrane transporter activity	436
790	GO:0004152	F	dihydroorotate dehydrogenase activity	435
791	GO:0004799	F	thymidylate synthase activity	434
792	GO:0004853	F	uroporphyrinogen decarboxylase activity	434
793	GO:0016635	F	oxidoreductase activity, acting on the CH-CH group of donors, quinone or related compound as acceptor	434
794	GO:0004712	F	protein serine/threonine/tyrosine kinase activity	433
795	GO:0140030	F	modification-dependent protein binding	432
796	GO:0004751	F	ribose-5-phosphate isomerase activity	431
797	GO:0070401	F	NADP+ binding	430
798	GO:0062054	F	fluoride channel activity	430
799	GO:0016721	F	oxidoreductase activity, acting on superoxide radicals as acceptor	429
800	GO:0004088	F	carbamoyl-phosphate synthase (glutamine-hydrolyzing) activity	428
801	GO:0004639	F	phosphoribosylaminoimidazolesuccinocarboxamide synthase activity	427
802	GO:0008764	F	UDP-N-acetylmuramoylalanine-D-glutamate ligase activity	427
803	GO:0002054	F	nucleobase binding	426
804	GO:0030291	F	protein serine/threonine kinase inhibitor activity	425
805	GO:0004170	F	dUTP diphosphatase activity	425
806	GO:0004588	F	orotate phosphoribosyltransferase activity	425
807	GO:0048256	F	flap endonuclease activity	424
808	GO:0003879	F	ATP phosphoribosyltransferase activity	424
809	GO:0051500	F	D-tyrosyl-tRNA(Tyr) deacylase activity	419
810	GO:0017108	F	5'-flap endonuclease activity	417
811	GO:0004784	F	superoxide dismutase activity	415
812	GO:0033819	F	lipoyl(octanoyl) transferase activity	415
813	GO:0043175	F	RNA polymerase core enzyme binding	414
814	GO:0051192	F	prosthetic group binding	414
815	GO:0000036	F	acyl carrier activity	414
816	GO:0044620	F	ACP phosphopantetheine attachment site binding	414
817	GO:0008028	F	monocarboxylic acid transmembrane transporter activity	413
818	GO:0003937	F	IMP cyclohydrolase activity	413
819	GO:0008685	F	2-C-methyl-D-erythritol 2,4-cyclodiphosphate synthase activity	413
820	GO:0030515	F	snoRNA binding	412
821	GO:0008914	F	leucyl-tRNA--protein transferase activity	412
822	GO:0003777	F	microtubule motor activity	411
823	GO:0050518	F	2-C-methyl-D-erythritol 4-phosphate cytidylyltransferase activity	411
824	GO:0008762	F	UDP-N-acetylmuramate dehydrogenase activity	411
825	GO:0008479	F	tRNA-guanosine(34) queuine transglycosylase activity	411
826	GO:0002060	F	purine nucleobase binding	410
827	GO:0035673	F	oligopeptide transmembrane transporter activity	409
828	GO:0046812	F	host cell surface binding	409
829	GO:0005254	F	chloride channel activity	409
830	GO:0008534	F	oxidized purine nucleobase lesion DNA N-glycosylase activity	409
831	GO:0004370	F	glycerol kinase activity	407
832	GO:1990782	F	protein tyrosine kinase binding	406
833	GO:0005385	F	zinc ion transmembrane transporter activity	404
834	GO:0004364	F	glutathione transferase activity	403
835	GO:0008961	F	phosphatidylglycerol-prolipoprotein diacylglyceryl transferase activity	403
836	GO:0004609	F	phosphatidylserine decarboxylase activity	402
837	GO:0140223	F	general transcription initiation factor activity	402
838	GO:0030955	F	potassium ion binding	402
839	GO:0002055	F	adenine binding	402
840	GO:0034039	F	8-oxo-7,8-dihydroguanine DNA N-glycosylase activity	402
841	GO:0004801	F	transaldolase activity	401
842	GO:0010340	F	carboxyl-O-methyltransferase activity	401
843	GO:0004309	F	exopolyphosphatase activity	401
844	GO:0050560	F	aspartate-tRNA(Asn) ligase activity	400
845	GO:0043908	F	Ser(Gly)-tRNA(Ala) hydrolase activity	398
846	GO:0030604	F	1-deoxy-D-xylulose-5-phosphate reductoisomerase activity	397
847	GO:0004418	F	hydroxymethylbilane synthase activity	397
848	GO:0008013	F	beta-catenin binding	396
849	GO:0019212	F	phosphatase inhibitor activity	395
850	GO:0005230	F	extracellular ligand-gated monoatomic ion channel activity	395
851	GO:0004641	F	phosphoribosylformylglycinamidine cyclo-ligase activity	395
852	GO:0004643	F	phosphoribosylaminoimidazolecarboxamide formyltransferase activity	394
853	GO:0015925	F	galactosidase activity	394
854	GO:0004779	F	sulfate adenylyltransferase activity	393
855	GO:0036402	F	proteasome-activating activity	392
856	GO:0043772	F	acyl-phosphate glycerol-3-phosphate acyltransferase activity	391
857	GO:0046789	F	host cell surface receptor binding	389
858	GO:0008254	F	3'-nucleotidase activity	389
859	GO:0004781	F	sulfate adenylyltransferase (ATP) activity	387
860	GO:0070284	F	phosphomethylpyrimidine synthase activity	386
861	GO:0016636	F	oxidoreductase activity, acting on the CH-CH group of donors, iron-sulfur protein as acceptor	385
862	GO:0004765	F	shikimate kinase activity	385
863	GO:0004731	F	purine-nucleoside phosphorylase activity	384
864	GO:0003942	F	N-acetyl-gamma-glutamyl-phosphate reductase (NADP+) activity	384
865	GO:0008777	F	acetylornithine deacetylase activity	384
866	GO:1990841	F	promoter-specific chromatin binding	383
867	GO:0045182	F	translation regulator activity	382
868	GO:0015420	F	ABC-type vitamin B12 transporter activity	382
869	GO:0016634	F	oxidoreductase activity, acting on the CH-CH group of donors, oxygen as acceptor	381
870	GO:0004714	F	transmembrane receptor protein tyrosine kinase activity	380
871	GO:0042826	F	histone deacetylase binding	379
872	GO:0038024	F	cargo receptor activity	377
873	GO:0008381	F	mechanosensitive monoatomic ion channel activity	374
874	GO:0004112	F	cyclic-nucleotide phosphodiesterase activity	374
875	GO:0050568	F	protein-glutamine glutaminase activity	371
876	GO:0016409	F	palmitoyltransferase activity	371
877	GO:0042586	F	peptide deformylase activity	371
878	GO:0004864	F	protein phosphatase inhibitor activity	370
879	GO:0005504	F	fatty acid binding	370
880	GO:0032266	F	phosphatidylinositol-3-phosphate binding	370
881	GO:0008776	F	acetate kinase activity	365
882	GO:0004414	F	homoserine O-acetyltransferase activity	364
883	GO:0051219	F	phosphoprotein binding	363
884	GO:0017069	F	snRNA binding	362
885	GO:0103039	F	protein methylthiotransferase activity	362
886	GO:0061733	F	protein-lysine-acetyltransferase activity	361
887	GO:0035599	F	aspartic acid methylthiotransferase activity	361
888	GO:0042379	F	chemokine receptor binding	360
889	GO:0004349	F	glutamate 5-kinase activity	360
890	GO:0004585	F	ornithine carbamoyltransferase activity	360
891	GO:0003964	F	RNA-directed DNA polymerase activity	359
892	GO:0046429	F	4-hydroxy-3-methylbut-2-en-1-yl diphosphate synthase activity (ferredoxin)	358
893	GO:0097506	F	deaminated base DNA N-glycosylase activity	358
894	GO:0036381	F	pyridoxal 5'-phosphate synthase (glutamine hydrolysing) activity	356
895	GO:0004844	F	uracil DNA N-glycosylase activity	356
896	GO:0043546	F	molybdopterin cofactor binding	355
897	GO:0140085	F	L-amino-acid N-acetyltransferase activity	355
898	GO:0043539	F	protein serine/threonine kinase activator activity	355
899	GO:0098631	F	cell adhesion mediator activity	354
900	GO:0000035	F	acyl binding	354
901	GO:0005384	F	manganese ion transmembrane transporter activity	353
902	GO:0051745	F	4-hydroxy-3-methylbut-2-enyl diphosphate reductase activity	353
903	GO:0016731	F	oxidoreductase activity, acting on iron-sulfur proteins as donors, NAD or NADP as acceptor	353
904	GO:0030165	F	PDZ domain binding	353
905	GO:0004425	F	indole-3-glycerol-phosphate synthase activity	352
906	GO:0004413	F	homoserine kinase activity	352
907	GO:0000993	F	RNA polymerase II complex binding	351
908	GO:0048039	F	ubiquinone binding	350
909	GO:0031369	F	translation initiation factor binding	350
910	GO:0019840	F	isoprenoid binding	349
911	GO:0004185	F	serine-type carboxypeptidase activity	349
912	GO:0039660	F	structural constituent of virion	349
913	GO:0016872	F	intramolecular lyase activity	345
914	GO:0016722	F	oxidoreductase activity, acting on metal ions	345
915	GO:0140296	F	general transcription initiation factor binding	345
916	GO:0008784	F	alanine racemase activity	345
917	GO:0004515	F	nicotinate-nucleotide adenylyltransferase activity	345
918	GO:0051427	F	hormone receptor binding	344
919	GO:0008837	F	diaminopimelate epimerase activity	344
920	GO:0071855	F	neuropeptide receptor binding	344
921	GO:0008443	F	phosphofructokinase activity	343
922	GO:0051998	F	protein carboxyl O-methyltransferase activity	341
923	GO:0033818	F	beta-ketoacyl-acyl-carrier-protein synthase III activity	340
924	GO:1990107	F	thiazole synthase activity	340
925	GO:0140522	F	fusogenic activity	339
926	GO:0003918	F	DNA topoisomerase type II (double strand cut, ATP-hydrolyzing) activity	339
927	GO:0008061	F	chitin binding	337
928	GO:0004068	F	aspartate 1-decarboxylase activity	337
929	GO:0008650	F	rRNA (uridine-2'-O-ribose)-methyltransferase activity	337
930	GO:0033840	F	alpha-1,4-glucan glucosyltransferase (NDP-glucose donor) activity	334
931	GO:0008690	F	3-deoxy-manno-octulosonate cytidylyltransferase activity	333
932	GO:0004614	F	phosphoglucomutase activity	332
933	GO:0004373	F	alpha-1,4-glucan glucosyltransferase (UDP-glucose donor) activity	331
934	GO:0009014	F	succinyl-diaminopimelate desuccinylase activity	331
935	GO:0031593	F	polyubiquitin modification-dependent protein binding	331
936	GO:0141197	F	4-hydroxy-3-methylbut-2-enyl-diphosphate synthase activity (flavodoxin)	331
937	GO:0001727	F	lipid kinase activity	330
938	GO:0016594	F	glycine binding	329
939	GO:0070041	F	rRNA (uridine-C5-)-methyltransferase activity	329
940	GO:0017022	F	myosin binding	328
941	GO:0009029	F	lipid-A 4'-kinase activity	327
942	GO:0051920	F	peroxiredoxin activity	325
943	GO:0004635	F	phosphoribosyl-AMP cyclohydrolase activity	324
944	GO:0033739	F	preQ1 synthase activity	324
945	GO:0030547	F	signaling receptor inhibitor activity	323
946	GO:0017124	F	SH3 domain binding	323
947	GO:0015645	F	fatty acid ligase activity	322
948	GO:0061650	F	ubiquitin-like protein conjugating enzyme activity	322
949	GO:0015288	F	porin activity	321
950	GO:0001671	F	ATPase activator activity	321
951	GO:0015459	F	potassium channel regulator activity	319
952	GO:0008829	F	dCTP deaminase activity	318
953	GO:0022835	F	transmitter-gated channel activity	317
954	GO:0022824	F	transmitter-gated monoatomic ion channel activity	317
955	GO:0004832	F	valine-tRNA ligase activity	317
956	GO:0016652	F	oxidoreductase activity, acting on NAD(P)H as acceptor	315
957	GO:0032451	F	demethylase activity	314
958	GO:0003959	F	NADPH dehydrogenase activity	314
959	GO:0009022	F	tRNA nucleotidyltransferase activity	314
960	GO:0005484	F	SNAP receptor activity	313
961	GO:0106430	F	dihydroorotate dehydrogenase (quinone) activity	313
962	GO:0015415	F	ATPase-coupled phosphate ion transmembrane transporter activity	313
963	GO:0001786	F	phosphatidylserine binding	312
964	GO:0008227	F	G protein-coupled amine receptor activity	311
965	GO:0140938	F	histone H3 methyltransferase activity	310
966	GO:0140311	F	protein sequestering activity	310
967	GO:0003785	F	actin monomer binding	310
968	GO:0043891	F	glyceraldehyde-3-phosphate dehydrogenase (phosphorylating, [NAD(P)+] ) activity	308
969	GO:0016251	F	RNA polymerase II general transcription initiation factor activity	307
970	GO:0140006	F	histone H3 reader activity	305
971	GO:0004042	F	L-glutamate N-acetyltransferase activity, acting on acetyl-CoA as donor	305
972	GO:0004385	F	GMP kinase activity	305
973	GO:0004806	F	triacylglycerol lipase activity	304
974	GO:0005416	F	amino acid:monoatomic cation symporter activity	304
975	GO:0016530	F	metallochaperone activity	304
976	GO:0016801	F	hydrolase activity, acting on ether bonds	303
977	GO:0036002	F	pre-mRNA binding	303
978	GO:0019003	F	GDP binding	303
979	GO:0004789	F	thiamine-phosphate diphosphorylase activity	303
980	GO:0004151	F	dihydroorotase activity	303
981	GO:0120515	F	fatty acid-CoA ligase activity	301
982	GO:0070717	F	poly-purine tract binding	301
983	GO:0009011	F	alpha-1,4-glucan glucosyltransferase (ADP-glucose donor) activity	301
984	GO:0042162	F	telomeric repeat DNA binding	299
985	GO:0035870	F	dITP diphosphatase activity	299
986	GO:0004365	F	glyceraldehyde-3-phosphate dehydrogenase (NAD+) (phosphorylating) activity	299
987	GO:0140322	F	A1-type glycerophospholipase activity	298
988	GO:0000099	F	sulfur amino acid transmembrane transporter activity	298
989	GO:0160016	F	CCACCA tRNA nucleotidyltransferase activity	298
990	GO:0004300	F	enoyl-CoA hydratase activity	298
991	GO:0030544	F	Hsp70 protein binding	297
992	GO:0016803	F	ether hydrolase activity	295
993	GO:0008907	F	integrase activity	295
994	GO:0048027	F	mRNA 5'-UTR binding	295
995	GO:0032267	F	tRNA(Ile)-lysidine synthase activity	294
996	GO:0008106	F	alcohol dehydrogenase (NADP+) activity	293
997	GO:0046523	F	S-methyl-5-thioribose-1-phosphate isomerase activity	293
998	GO:0016289	F	acyl-CoA hydrolase activity	291
999	GO:0036220	F	ITP diphosphatase activity	291
1000	GO:0036222	F	XTP diphosphatase activity	291
1001	GO:0070733	F	AMPylase activity	290
1002	GO:0140693	F	molecular condensate scaffold activity	290
1003	GO:0005372	F	water transmembrane transporter activity	288
1004	GO:0001540	F	amyloid-beta binding	287
1005	GO:0003862	F	3-isopropylmalate dehydrogenase activity	287
1006	GO:0032813	F	tumor necrosis factor receptor superfamily binding	287
1007	GO:0016717	F	oxidoreductase activity, acting on paired donors, with oxidation of a pair of donors resulting in the reduction of molecular oxygen to two molecules of water	286
1008	GO:0009009	F	site-specific recombinase activity	286
1009	GO:0004357	F	glutamate-cysteine ligase activity	286
1010	GO:0004733	F	pyridoxamine phosphate oxidase activity	285
1011	GO:0048306	F	calcium-dependent protein binding	285
1012	GO:0004693	F	cyclin-dependent protein serine/threonine kinase activity	284
1013	GO:0097472	F	cyclin-dependent protein kinase activity	284
1014	GO:0008527	F	taste receptor activity	284
1015	GO:0046332	F	SMAD binding	283
1016	GO:0005549	F	odorant binding	282
1017	GO:0097110	F	scaffold protein binding	282
1018	GO:0005283	F	amino acid:sodium symporter activity	282
1019	GO:0103118	F	UDP-3-O-[(3R)-3-hydroxyacyl]-glucosamine N-acyltransferase activity	282
1020	GO:0004482	F	mRNA 5'-cap (guanine-N7-)-methyltransferase activity	281
1021	GO:0004427	F	inorganic diphosphate phosphatase activity	281
1022	GO:0070888	F	E-box binding	279
1023	GO:0015149	F	hexose transmembrane transporter activity	278
1024	GO:0004417	F	hydroxyethylthiazole kinase activity	277
1025	GO:0008937	F	ferredoxin-[NAD(P)H] reductase activity	277
1026	GO:0015250	F	water channel activity	276
1027	GO:0140303	F	intramembrane lipid carrier activity	276
1028	GO:0004329	F	formate-tetrahydrofolate ligase activity	276
1029	GO:0010242	F	oxygen evolving activity	275
1030	GO:0015562	F	efflux transmembrane transporter activity	275
1031	GO:0008143	F	poly(A) binding	274
1032	GO:0008955	F	peptidoglycan glycosyltransferase activity	274
1033	GO:0003844	F	1,4-alpha-glucan branching enzyme activity	274
1034	GO:0016749	F	N-succinyltransferase activity	274
1035	GO:0016211	F	ammonia ligase activity	274
1036	GO:0120015	F	sterol transfer activity	273
1037	GO:0008881	F	glutamate racemase activity	273
1038	GO:0004869	F	cysteine-type endopeptidase inhibitor activity	273
1039	GO:0004719	F	protein-L-isoaspartate (D-aspartate) O-methyltransferase activity	273
1040	GO:0019956	F	chemokine binding	272
1041	GO:0030551	F	cyclic nucleotide binding	272
1042	GO:0016229	F	steroid dehydrogenase activity	272
1043	GO:0030971	F	receptor tyrosine kinase binding	271
1044	GO:0016901	F	oxidoreductase activity, acting on the CH-OH group of donors, quinone or similar compound as acceptor	270
1045	GO:0004047	F	aminomethyltransferase activity	268
1046	GO:0016154	F	pyrimidine-nucleoside phosphorylase activity	268
1047	GO:0043211	F	ABC-type carbohydrate transporter activity	267
1048	GO:0036218	F	dTTP diphosphatase activity	267
1049	GO:0015203	F	polyamine transmembrane transporter activity	266
1050	GO:0061798	F	GTP 3',8'-cyclase activity	266
1051	GO:0043770	F	demethylmenaquinone methyltransferase activity	266
1052	GO:0022821	F	solute:potassium antiporter activity	266
1053	GO:0018812	F	3-hydroxyacyl-CoA dehydratase activity	265
1054	GO:0004140	F	dephospho-CoA kinase activity	265
1055	GO:0015929	F	hexosaminidase activity	264
1056	GO:0008878	F	glucose-1-phosphate adenylyltransferase activity	264
1057	GO:0030492	F	hemoglobin binding	264
1058	GO:0004139	F	deoxyribose-phosphate aldolase activity	263
1059	GO:0000146	F	microfilament motor activity	263
1060	GO:0004040	F	amidase activity	262
1061	GO:0050840	F	extracellular matrix binding	262
1062	GO:0015485	F	cholesterol binding	262
1063	GO:0009037	F	tyrosine-based site-specific recombinase activity	262
1064	GO:0016750	F	O-succinyltransferase activity	261
1065	GO:0008188	F	neuropeptide receptor activity	261
1066	GO:0008710	F	8-amino-7-oxononanoate synthase activity	261
1067	GO:0072349	F	modified amino acid transmembrane transporter activity	261
1068	GO:0003872	F	6-phosphofructokinase activity	260
1069	GO:0008296	F	3'-5'-DNA exonuclease activity	260
1070	GO:0016778	F	diphosphotransferase activity	260
1071	GO:0038187	F	pattern recognition receptor activity	259
1072	GO:0003871	F	5-methyltetrahydropteroyltriglutamate-homocysteine S-methyltransferase activity	259
1073	GO:0008948	F	oxaloacetate decarboxylase activity	259
1074	GO:0036221	F	UTP diphosphatase activity	259
1075	GO:0008242	F	omega peptidase activity	259
1076	GO:0015424	F	ABC-type amino acid transporter activity	258
1077	GO:0008113	F	peptide-methionine (S)-S-oxide reductase activity	257
1078	GO:0009032	F	thymidine phosphorylase activity	257
1079	GO:0030151	F	molybdenum ion binding	256
1080	GO:0033744	F	L-methionine (S)-S-oxide reductase activity	256
1081	GO:0015556	F	C4-dicarboxylate transmembrane transporter activity	255
1082	GO:1904315	F	transmitter-gated monoatomic ion channel activity involved in regulation of postsynaptic membrane potential	255
1083	GO:0005544	F	calcium-dependent phospholipid binding	254
1084	GO:0051723	F	protein methylesterase activity	254
1085	GO:0009881	F	photoreceptor activity	254
1086	GO:0016805	F	dipeptidase activity	253
1087	GO:0004416	F	hydroxyacylglutathione hydrolase activity	252
1088	GO:0008146	F	sulfotransferase activity	251
1089	GO:0005518	F	collagen binding	251
1090	GO:0019136	F	deoxynucleoside kinase activity	250
1091	GO:0097621	F	monoamine oxidase activity	249
1092	GO:0008899	F	homoserine O-succinyltransferase activity	249
1093	GO:0008395	F	steroid hydroxylase activity	249
1094	GO:0004402	F	histone acetyltransferase activity	249
1095	GO:0140994	F	RNA polymerase II CTD heptapeptide repeat modifying activity	248
1096	GO:0031419	F	cobalamin binding	248
1097	GO:0003796	F	lysozyme activity	248
1098	GO:0098809	F	nitrite reductase activity	248
1099	GO:0031418	F	L-ascorbic acid binding	248
1100	GO:0005109	F	frizzled binding	247
1101	GO:0016639	F	oxidoreductase activity, acting on the CH-NH2 group of donors, NAD or NADP as acceptor	246
1102	GO:0004324	F	ferredoxin-NADP+ reductase activity	246
1103	GO:0008131	F	primary methylamine oxidase activity	245
1104	GO:0120020	F	cholesterol transfer activity	245
1105	GO:0004000	F	adenosine deaminase activity	245
1106	GO:0140824	F	thioredoxin-dependent peroxiredoxin activity	245
1107	GO:0033284	F	ATPase-coupled carboxylic acid transmembrane transporter activity	245
1108	GO:0004715	F	non-membrane spanning protein tyrosine kinase activity	245
1109	GO:0003952	F	NAD+ synthase (glutamine-hydrolyzing) activity	244
1110	GO:0019707	F	protein-cysteine S-acyltransferase activity	244
1111	GO:0004707	F	MAP kinase activity	243
1112	GO:0141047	F	molecular tag activity	242
1113	GO:0031386	F	protein tag activity	242
1114	GO:0031071	F	cysteine desulfurase activity	242
1115	GO:0004087	F	carbamoyl-phosphate synthase (ammonia) activity	242
1116	GO:0004565	F	beta-galactosidase activity	242
1117	GO:0019706	F	protein-cysteine S-palmitoyltransferase activity	241
1118	GO:0004816	F	asparagine-tRNA ligase activity	241
1119	GO:0030276	F	clathrin binding	240
1120	GO:0042943	F	D-amino acid transmembrane transporter activity	240
1121	GO:0005272	F	sodium channel activity	240
1122	GO:0001046	F	core promoter sequence-specific DNA binding	240
1123	GO:0008477	F	purine nucleosidase activity	240
1124	GO:0004651	F	polynucleotide 5'-phosphatase activity	240
1125	GO:0015215	F	nucleotide transmembrane transporter activity	240
1126	GO:0004568	F	chitinase activity	239
1127	GO:0061631	F	ubiquitin conjugating enzyme activity	239
1128	GO:0008810	F	cellulase activity	238
1129	GO:0003998	F	acylphosphatase activity	238
1130	GO:0008676	F	3-deoxy-8-phosphooctulonate synthase activity	238
1131	GO:0016624	F	oxidoreductase activity, acting on the aldehyde or oxo group of donors, disulfide as acceptor	237
1132	GO:0097599	F	xylanase activity	236
1133	GO:0045735	F	nutrient reservoir activity	236
1134	GO:0009008	F	DNA-methyltransferase activity	236
1135	GO:0001530	F	lipopolysaccharide binding	236
1136	GO:0050480	F	imidazolonepropionase activity	236
1137	GO:0097163	F	sulfur carrier activity	236
1138	GO:0016504	F	peptidase activator activity	236
1139	GO:0000339	F	RNA cap binding	234
1140	GO:0004358	F	L-glutamate N-acetyltransferase activity, acting on acetyl-L-ornithine as donor	234
1141	GO:0005501	F	retinoid binding	234
1142	GO:0031721	F	hemoglobin alpha binding	234
1143	GO:0008378	F	galactosyltransferase activity	233
1144	GO:0016150	F	translation release factor activity, codon nonspecific	233
1145	GO:0008795	F	NAD+ synthase activity	232
1146	GO:0004452	F	isopentenyl-diphosphate delta-isomerase activity	232
1147	GO:0048020	F	CCR chemokine receptor binding	232
1148	GO:0043865	F	methionine transmembrane transporter activity	232
1149	GO:0106435	F	carboxylesterase activity	231
1150	GO:0033856	F	pyridoxine 5'-phosphate synthase activity	231
1151	GO:0090599	F	alpha-glucosidase activity	231
1152	GO:0005246	F	calcium channel regulator activity	230
1153	GO:0051018	F	protein kinase A binding	230
1154	GO:0016653	F	oxidoreductase activity, acting on NAD(P)H, heme protein as acceptor	229
1155	GO:0103117	F	UDP-3-O-acyl-N-acetylglucosamine deacetylase activity	229
1156	GO:0016987	F	sigma factor activity	228
1157	GO:0140741	F	tRNA-uracil-4 sulfurtransferase activity	228
1158	GO:0031683	F	G-protein beta/gamma-subunit complex binding	227
1159	GO:0045309	F	protein phosphorylated amino acid binding	227
1160	GO:0002039	F	p53 binding	226
1161	GO:0005536	F	D-glucose binding	226
1162	GO:0033764	F	steroid dehydrogenase activity, acting on the CH-OH group of donors, NAD or NADP as acceptor	226
1163	GO:0004648	F	O-phospho-L-serine:2-oxoglutarate transaminase activity	226
1164	GO:0004612	F	phosphoenolpyruvate carboxykinase (ATP) activity	226
1165	GO:0015026	F	coreceptor activity	225
1166	GO:0008939	F	nicotinate-nucleotide-dimethylbenzimidazole phosphoribosyltransferase activity	225
1167	GO:0001637	F	G protein-coupled chemoattractant receptor activity	225
1168	GO:0047151	F	tRNA (uracil(54)-C5)-methyltransferase activity, 5,10-methylenetetrahydrofolate-dependent	224
1169	GO:0070204	F	2-succinyl-5-enolpyruvyl-6-hydroxy-3-cyclohexene-1-carboxylic-acid synthase activity	224
1170	GO:0033232	F	ABC-type D-methionine transporter activity	224
1171	GO:0008796	F	bis(5'-nucleosyl)-tetraphosphatase activity	224
1172	GO:0008641	F	ubiquitin-like modifier activating enzyme activity	223
1173	GO:0004950	F	chemokine receptor activity	223
1174	GO:0004399	F	histidinol dehydrogenase activity	223
1175	GO:0016411	F	acylglycerol O-acyltransferase activity	222
1176	GO:0034618	F	arginine binding	222
1177	GO:0008984	F	protein-glutamate methylesterase activity	222
1178	GO:0099602	F	neurotransmitter receptor regulator activity	221
1179	GO:0008973	F	phosphopentomutase activity	221
1180	GO:0004141	F	dethiobiotin synthase activity	221
1181	GO:0008379	F	thioredoxin peroxidase activity	220
1182	GO:0004797	F	thymidine kinase activity	220
1183	GO:0046508	F	hydrolase activity, acting on carbon-sulfur bonds	219
1184	GO:0008933	F	peptidoglycan lytic transglycosylase activity	219
1185	GO:0015232	F	heme transmembrane transporter activity	219
1186	GO:0004645	F	1,4-alpha-oligoglucan phosphorylase activity	219
1187	GO:0004109	F	coproporphyrinogen oxidase activity	219
1188	GO:0008964	F	phosphoenolpyruvate carboxylase activity	219
1189	GO:0016997	F	alpha-sialidase activity	219
1190	GO:0030548	F	acetylcholine receptor regulator activity	218
1191	GO:0070628	F	proteasome binding	218
1192	GO:0008124	F	4-alpha-hydroxytetrahydrobiopterin dehydratase activity	218
1193	GO:0008009	F	chemokine activity	217
1194	GO:0042056	F	chemoattractant activity	217
1195	GO:0047134	F	protein-disulfide reductase [NAD(P)H] activity	217
1196	GO:0099095	F	ligand-gated monoatomic anion channel activity	217
1197	GO:0004308	F	exo-alpha-sialidase activity	217
1198	GO:0005402	F	carbohydrate:monoatomic cation symporter activity	216
1199	GO:0004013	F	adenosylhomocysteinase activity	215
1200	GO:0033558	F	protein lysine deacetylase activity	215
1201	GO:0005381	F	iron ion transmembrane transporter activity	215
1202	GO:0004683	F	calcium/calmodulin-dependent protein kinase activity	215
1203	GO:0070095	F	fructose-6-phosphate binding	215
1204	GO:0140658	F	ATP-dependent chromatin remodeler activity	215
1205	GO:0004407	F	histone deacetylase activity	214
1206	GO:0035925	F	mRNA 3'-UTR AU-rich region binding	214
1207	GO:0000034	F	adenine deaminase activity	214
1208	GO:0005212	F	structural constituent of eye lens	214
1209	GO:0061980	F	regulatory RNA binding	212
1210	GO:0043139	F	5'-3' DNA helicase activity	212
1211	GO:0016785	F	selenotransferase activity	212
1212	GO:0035254	F	glutamate receptor binding	212
1213	GO:0008915	F	lipid-A-disaccharide synthase activity	212
1214	GO:0004644	F	phosphoribosylglycinamide formyltransferase activity	212
1215	GO:0140142	F	nucleocytoplasmic carrier activity	211
1216	GO:0017168	F	5-oxoprolinase (ATP-hydrolyzing) activity	210
1217	GO:0016163	F	nitrogenase activity	210
1218	GO:0016732	F	oxidoreductase activity, acting on iron-sulfur proteins as donors, dinitrogen as acceptor	210
1219	GO:1901474	F	azole transmembrane transporter activity	209
1220	GO:0051879	F	Hsp90 protein binding	209
1221	GO:0140517	F	protein-RNA adaptor activity	208
1222	GO:0015116	F	sulfate transmembrane transporter activity	208
1223	GO:0003857	F	(3S)-3-hydroxyacyl-CoA dehydrogenase (NAD+) activity	208
1224	GO:0015157	F	oligosaccharide transmembrane transporter activity	207
1225	GO:0015154	F	disaccharide transmembrane transporter activity	207
1226	GO:0015216	F	purine nucleotide transmembrane transporter activity	207
1227	GO:0016493	F	C-C chemokine receptor activity	207
1228	GO:0017046	F	peptide hormone binding	207
1229	GO:0019957	F	C-C chemokine binding	206
1230	GO:0016625	F	oxidoreductase activity, acting on the aldehyde or oxo group of donors, iron-sulfur protein as acceptor	206
1231	GO:0008833	F	deoxyribonuclease IV (phage-T4-induced) activity	206
1232	GO:0008666	F	2,3,4,5-tetrahydropyridine-2,6-dicarboxylate N-succinyltransferase activity	206
1233	GO:0098960	F	postsynaptic neurotransmitter receptor activity	206
1234	GO:0008843	F	endochitinase activity	205
1235	GO:0004396	F	hexokinase activity	204
1236	GO:0098632	F	cell-cell adhesion mediator activity	204
1237	GO:0016728	F	oxidoreductase activity, acting on CH or CH2 groups, disulfide as acceptor	204
1238	GO:0017025	F	TBP-class protein binding	204
1239	GO:0008753	F	NADPH dehydrogenase (quinone) activity	204
1240	GO:0004783	F	sulfite reductase (NADPH) activity	204
1241	GO:0033612	F	receptor serine/threonine kinase binding	203
1242	GO:0015923	F	mannosidase activity	203
1243	GO:0045547	F	ditrans,polycis-polyprenyl diphosphate synthase [(2E,6E)-farnesyl diphosphate specific] activity	203
1244	GO:0047372	F	monoacylglycerol lipase activity	202
1245	GO:0051073	F	adenosylcobinamide-GDP ribazoletransferase activity	202
1246	GO:0008818	F	cobalamin 5'-phosphate synthase activity	202
1247	GO:0015146	F	pentose transmembrane transporter activity	202
1248	GO:0008987	F	quinolinate synthetase A activity	201
1249	GO:0005231	F	excitatory extracellular ligand-gated monoatomic ion channel activity	201
1250	GO:0004342	F	glucosamine-6-phosphate deaminase activity	201
1251	GO:0004401	F	histidinol-phosphatase activity	201
1252	GO:0033038	F	bitter taste receptor activity	201
1253	GO:0008802	F	betaine-aldehyde dehydrogenase (NAD+) activity	200
1254	GO:0004332	F	fructose-bisphosphate aldolase activity	200
1255	GO:0008425	F	2-methoxy-6-polyprenyl-1,4-benzoquinol methyltransferase activity	200
1256	GO:0043394	F	proteoglycan binding	199
1257	GO:0070840	F	dynein complex binding	199
1258	GO:0004766	F	spermidine synthase activity	199
1259	GO:0000310	F	xanthine phosphoribosyltransferase activity	199
1260	GO:0015421	F	ABC-type oligopeptide transporter activity	198
1261	GO:0047617	F	fatty acyl-CoA hydrolase activity	198
1262	GO:0030371	F	translation repressor activity	198
1263	GO:0030280	F	structural constituent of skin epidermis	198
1264	GO:0034979	F	NAD-dependent protein lysine deacetylase activity	197
1265	GO:0141218	F	NAD-dependent protein lysine deacylase activity	197
1266	GO:0003987	F	acetyl-CoA synthetase activity	197
1267	GO:0140666	F	annealing activity	197
1268	GO:0140721	F	nuclease inhibitor activity	197
1269	GO:0019905	F	syntaxin binding	197
1270	GO:0004748	F	ribonucleoside-diphosphate reductase activity, thioredoxin disulfide as acceptor	196
1271	GO:0061731	F	ribonucleoside-diphosphate reductase activity	196
1272	GO:0001222	F	transcription corepressor binding	196
1273	GO:0008312	F	7S RNA binding	196
1274	GO:0000295	F	adenine nucleotide transmembrane transporter activity	196
1275	GO:0052745	F	inositol phosphate phosphatase activity	195
1276	GO:0140457	F	protein demethylase activity	195
1277	GO:0017056	F	structural constituent of nuclear pore	194
1278	GO:0019865	F	immunoglobulin binding	194
1279	GO:0005048	F	signal sequence receptor activity	194
1280	GO:0010420	F	polyprenyldihydroxybenzoate methyltransferase activity	194
1281	GO:0004014	F	adenosylmethionine decarboxylase activity	194
1282	GO:0050018	F	amino-acid dehydrogenase [NAD(P)+] activity	193
1283	GO:0052866	F	phosphatidylinositol phosphate phosphatase activity	193
1284	GO:0017116	F	single-stranded DNA helicase activity	193
1285	GO:0032452	F	histone demethylase activity	193
1286	GO:0008428	F	ribonuclease inhibitor activity	193
1287	GO:0016160	F	amylase activity	192
1288	GO:0015407	F	ABC-type monosaccharide transporter activity	192
1289	GO:0061542	F	3-demethylubiquinol 3-O-methyltransferase activity	192
1290	GO:0008982	F	protein-N(PI)-phosphohistidine-carbohydrate phosphotransferase activity	192
1291	GO:0030550	F	acetylcholine receptor inhibitor activity	191
1292	GO:0008412	F	4-hydroxybenzoate polyprenyltransferase activity	191
1293	GO:0015095	F	magnesium ion transmembrane transporter activity	191
1294	GO:0005080	F	protein kinase C binding	191
1295	GO:0003950	F	NAD+ poly-ADP-ribosyltransferase activity	191
1296	GO:0008417	F	fucosyltransferase activity	189
1297	GO:0008780	F	acyl-[acyl-carrier-protein]-UDP-N-acetylglucosamine O-acyltransferase activity	189
1298	GO:0043815	F	phosphoribosylglycinamide formyltransferase 2 activity	189
1299	GO:0005346	F	purine ribonucleotide transmembrane transporter activity	189
1300	GO:0031956	F	medium-chain fatty acid-CoA ligase activity	188
1301	GO:0015651	F	quaternary ammonium group transmembrane transporter activity	188
1302	GO:0008967	F	phosphoglycolate phosphatase activity	188
1303	GO:0003756	F	protein disulfide isomerase activity	186
1304	GO:0016864	F	intramolecular oxidoreductase activity, transposing S-S bonds	186
1305	GO:0005199	F	structural constituent of cell wall	185
1306	GO:0042301	F	phosphate ion binding	185
1307	GO:0008297	F	single-stranded DNA exodeoxyribonuclease activity	185
1308	GO:0016509	F	long-chain (3S)-3-hydroxyacyl-CoA dehydrogenase (NAD+) activity	185
1309	GO:0120014	F	phospholipid transfer activity	184
1310	GO:0005343	F	organic acid:sodium symporter activity	184
1311	GO:0035250	F	UDP-galactosyltransferase activity	184
1312	GO:0003905	F	alkylbase DNA N-glycosylase activity	184
1313	GO:0000104	F	succinate dehydrogenase activity	184
1314	GO:0003910	F	DNA ligase (ATP) activity	183
1315	GO:0044390	F	ubiquitin-like protein conjugating enzyme binding	183
1316	GO:0102208	F	2-polyprenyl-6-hydroxyphenol methylase activity	183
1317	GO:0004792	F	thiosulfate-cyanide sulfurtransferase activity	183
1318	GO:0008686	F	3,4-dihydroxy-2-butanone-4-phosphate synthase activity	183
1319	GO:0019211	F	phosphatase activator activity	183
1320	GO:0001223	F	transcription coactivator binding	183
1321	GO:0047975	F	guanosine phosphorylase activity	182
1322	GO:0015141	F	succinate transmembrane transporter activity	182
1323	GO:0003935	F	GTP cyclohydrolase II activity	182
1324	GO:0015020	F	glucuronosyltransferase activity	182
1325	GO:0004311	F	geranylgeranyl diphosphate synthase activity	181
1326	GO:0055056	F	D-glucose transmembrane transporter activity	181
1327	GO:0017110	F	nucleoside diphosphate phosphatase activity	181
1328	GO:0140312	F	cargo adaptor activity	180
1329	GO:0140825	F	lactoperoxidase activity	180
1330	GO:0030332	F	cyclin binding	180
1331	GO:0043768	F	S-ribosylhomocysteine lyase activity	180
1332	GO:0008239	F	dipeptidyl-peptidase activity	179
1333	GO:0120558	F	lysophospholipase A1 activity	179
1334	GO:0036009	F	protein-glutamine N-methyltransferase activity	179
1335	GO:0015386	F	potassium:proton antiporter activity	179
1336	GO:0008940	F	nitrate reductase activity	178
1337	GO:0016823	F	hydrolase activity, acting on carbon-carbon bonds, in ketonic substances	178
1338	GO:0016822	F	hydrolase activity, acting on carbon-carbon bonds	178
1339	GO:0008800	F	beta-lactamase activity	177
1340	GO:0141052	F	histone H3 demethylase activity	177
1341	GO:0042030	F	ATPase inhibitor activity	177
1342	GO:0019206	F	nucleoside kinase activity	177
1343	GO:0003689	F	DNA clamp loader activity	177
1344	GO:0004602	F	glutathione peroxidase activity	177
1345	GO:0015087	F	cobalt ion transmembrane transporter activity	176
1346	GO:0005245	F	voltage-gated calcium channel activity	176
1347	GO:0030159	F	signaling receptor complex adaptor activity	176
1348	GO:0008308	F	voltage-gated monoatomic anion channel activity	176
1349	GO:0004181	F	metallocarboxypeptidase activity	175
1350	GO:0004397	F	histidine ammonia-lyase activity	175
1351	GO:0016862	F	intramolecular oxidoreductase activity, interconverting keto- and enol-groups	175
1352	GO:0003707	F	nuclear steroid receptor activity	175
1353	GO:0005452	F	solute:inorganic anion antiporter activity	174
1354	GO:0016856	F	racemase and epimerase activity, acting on hydroxy acids and derivatives	174
1355	GO:0046570	F	methylthioribulose 1-phosphate dehydratase activity	174
1356	GO:0008353	F	RNA polymerase II CTD heptapeptide repeat kinase activity	174
1357	GO:0042805	F	actinin binding	174
1358	GO:0004749	F	ribose phosphate diphosphokinase activity	174
1359	GO:0052890	F	oxidoreductase activity, acting on the CH-CH group of donors, with a flavin as acceptor	173
1360	GO:0070325	F	lipoprotein particle receptor binding	173
1361	GO:0004340	F	glucokinase activity	173
1362	GO:0004089	F	carbonate dehydratase activity	173
1363	GO:0120227	F	acyl-CoA binding	173
1364	GO:0033743	F	peptide-methionine (R)-S-oxide reductase activity	173
1365	GO:0070273	F	phosphatidylinositol-4-phosphate binding	173
1366	GO:0061603	F	molybdenum cofactor guanylyltransferase activity	173
1367	GO:0004356	F	glutamine synthetase activity	173
1368	GO:0047545	F	(S)-2-hydroxyglutarate dehydrogenase activity	172
1369	GO:0031176	F	endo-1,4-beta-xylanase activity	172
1370	GO:0017147	F	Wnt-protein binding	172
1371	GO:0034040	F	ATPase-coupled lipid transmembrane transporter activity	172
1372	GO:0005351	F	carbohydrate:proton symporter activity	171
1373	GO:0004057	F	arginyl-tRNA--protein transferase activity	171
1374	GO:0034353	F	mRNA 5'-diphosphatase activity	171
1375	GO:0004016	F	adenylate cyclase activity	170
1376	GO:0080025	F	phosphatidylinositol-3,5-bisphosphate binding	170
1377	GO:0004808	F	tRNA (5-methylaminomethyl-2-thiouridylate)(34)-methyltransferase activity	170
1378	GO:0008692	F	3-hydroxybutyryl-CoA epimerase activity	170
1379	GO:0016793	F	triphosphoric monoester hydrolase activity	170
1380	GO:0004360	F	L-glutamine:D-fructose-6-phosphate transaminase (isomerizing) activity	170
1381	GO:0030248	F	cellulose binding	169
1382	GO:0140177	F	membrane-membrane adaptor activity	169
1383	GO:0031624	F	ubiquitin conjugating enzyme binding	169
1384	GO:0160150	F	tRNA pseudouridine(13) synthase activity	169
1385	GO:0005295	F	neutral L-amino acid:sodium symporter activity	169
1386	GO:0004556	F	alpha-amylase activity	168
1387	GO:0004322	F	ferroxidase activity	168
1388	GO:0016724	F	oxidoreductase activity, acting on metal ions, oxygen as acceptor	168
1389	GO:0052742	F	phosphatidylinositol kinase activity	168
1390	GO:1904680	F	peptide transmembrane transporter activity	168
1391	GO:0004622	F	phosphatidylcholine lysophospholipase A1 activity	168
1392	GO:0005217	F	intracellularly ligand-gated monoatomic ion channel activity	168
1393	GO:0071814	F	protein-lipid complex binding	167
1394	GO:0071813	F	lipoprotein particle binding	167
1395	GO:0009383	F	rRNA (cytosine-C5-)-methyltransferase activity	167
1396	GO:0016631	F	enoyl-[acyl-carrier-protein] reductase [NAD(P)H] activity	166
1397	GO:0043780	F	cobalt-precorrin-5B C1-methyltransferase activity	166
1398	GO:0004038	F	allantoinase activity	165
1399	GO:0001965	F	G-protein alpha-subunit binding	165
1400	GO:0033786	F	heptose-1-phosphate adenylyltransferase activity	165
1401	GO:0008020	F	G protein-coupled photoreceptor activity	165
1402	GO:0015106	F	bicarbonate transmembrane transporter activity	164
1403	GO:0050664	F	oxidoreductase activity, acting on NAD(P)H, oxygen as acceptor	164
1404	GO:0004422	F	hypoxanthine phosphoribosyltransferase activity	164
1405	GO:0016673	F	oxidoreductase activity, acting on a sulfur group of donors, iron-sulfur protein as acceptor	164
1406	GO:0033785	F	heptose 7-phosphate kinase activity	164
1407	GO:0055102	F	lipase inhibitor activity	163
1408	GO:0140378	F	protein complex scaffold activity	163
1409	GO:0120159	F	rRNA pseudouridine synthase activity	163
1410	GO:0016899	F	oxidoreductase activity, acting on the CH-OH group of donors, oxygen as acceptor	162
1411	GO:1901567	F	fatty acid derivative binding	162
1412	GO:0031492	F	nucleosomal DNA binding	162
1413	GO:0051428	F	peptide hormone receptor binding	161
1414	GO:0015140	F	malate transmembrane transporter activity	161
1415	GO:0016662	F	oxidoreductase activity, acting on other nitrogenous compounds as donors, cytochrome as acceptor	161
1416	GO:0004239	F	initiator methionyl aminopeptidase activity	161
1417	GO:0008157	F	protein phosphatase 1 binding	161
1418	GO:0043874	F	acireductone synthase activity	160
1419	GO:0034701	F	tripeptidase activity	159
1420	GO:0052657	F	guanine phosphoribosyltransferase activity	159
1421	GO:0008803	F	bis(5'-nucleosyl)-tetraphosphatase (symmetrical) activity	159
1422	GO:0050418	F	hydroxylamine reductase activity	159
1423	GO:0051721	F	protein phosphatase 2A binding	158
1424	GO:0019894	F	kinesin binding	158
1425	GO:0000062	F	fatty-acyl-CoA binding	158
1426	GO:0043014	F	alpha-tubulin binding	157
1427	GO:0003995	F	acyl-CoA dehydrogenase activity	157
1428	GO:0008792	F	arginine decarboxylase activity	157
1429	GO:0005338	F	nucleotide-sugar transmembrane transporter activity	157
1430	GO:0043771	F	cytidine kinase activity	157
1431	GO:0045148	F	tripeptide aminopeptidase activity	157
1432	GO:0050311	F	sulfite reductase (ferredoxin) activity	157
1433	GO:0004650	F	polygalacturonase activity	157
1434	GO:0004865	F	protein serine/threonine phosphatase inhibitor activity	157
1435	GO:0015417	F	ABC-type polyamine transporter activity	156
1436	GO:0008701	F	4-hydroxy-2-oxovalerate aldolase activity	156
1437	GO:0016695	F	oxidoreductase activity, acting on hydrogen as donor	156
1438	GO:0140272	F	exogenous protein binding	155
1439	GO:0060228	F	phosphatidylcholine-sterol O-acyltransferase activator activity	155
1440	GO:0008774	F	acetaldehyde dehydrogenase (acetylating, NAD+) activity	155
1441	GO:0004629	F	C-type glycerophospholipase activity	155
1442	GO:0140713	F	histone chaperone activity	155
1443	GO:0030697	F	tRNA (uracil(54)-C5)-methyltransferase activity, S-adenosyl methionine-dependent	155
1444	GO:0008773	F	[protein-PII] uridylyltransferase activity	155
1445	GO:0072542	F	protein phosphatase activator activity	155
1446	GO:0004830	F	tryptophan-tRNA ligase activity	155
1447	GO:0034338	F	short-chain carboxylesterase activity	154
1448	GO:0010334	F	sesquiterpene synthase activity	154
1449	GO:0003993	F	acid phosphatase activity	154
1450	GO:0009045	F	xylose isomerase activity	154
1451	GO:0015166	F	polyol transmembrane transporter activity	153
1452	GO:0004850	F	uridine phosphorylase activity	153
1453	GO:0008832	F	dGTPase activity	153
1454	GO:0005547	F	phosphatidylinositol-3,4,5-trisphosphate binding	153
1455	GO:0004563	F	beta-N-acetylhexosaminidase activity	152
1456	GO:0004849	F	uridine kinase activity	152
1457	GO:0008410	F	CoA-transferase activity	152
1458	GO:0005123	F	death receptor binding	152
1459	GO:0008192	F	RNA guanylyltransferase activity	151
1460	GO:0000014	F	single-stranded DNA endonuclease activity	151
1461	GO:0070739	F	protein-glutamic acid ligase activity	151
1462	GO:0016427	F	tRNA (cytidine) methyltransferase activity	150
1463	GO:0008924	F	L-malate dehydrogenase (quinone) activity	150
1464	GO:0004596	F	protein-N-terminal amino-acid acetyltransferase activity	150
1465	GO:0035173	F	histone kinase activity	150
1466	GO:0030570	F	pectate lyase activity	150
1467	GO:0034593	F	phosphatidylinositol bisphosphate phosphatase activity	149
1468	GO:0008970	F	glycerophospholipid phospholipase A1 activity	149
1469	GO:0004366	F	glycerol-3-phosphate O-acyltransferase activity	149
1470	GO:0008066	F	glutamate receptor activity	149
1471	GO:0016274	F	protein-arginine N-methyltransferase activity	149
1472	GO:0016273	F	arginine N-methyltransferase activity	149
1473	GO:0036308	F	16S rRNA (guanine(1516)-N(2))-methyltransferase activity	149
1474	GO:0005347	F	ATP transmembrane transporter activity	149
1475	GO:0030020	F	extracellular matrix structural constituent conferring tensile strength	148
1476	GO:0048487	F	beta-tubulin binding	148
1477	GO:0001784	F	phosphotyrosine residue binding	148
1478	GO:0071617	F	lysophospholipid acyltransferase activity	148
1479	GO:0042169	F	SH2 domain binding	147
1480	GO:0008694	F	4-hydroxy-3-polyprenylbenzoate decarboxylase activity	147
1481	GO:0097602	F	cullin family protein binding	147
1482	GO:0005165	F	neurotrophin receptor binding	147
1483	GO:0042605	F	peptide antigen binding	146
1484	GO:0004675	F	transmembrane receptor protein serine/threonine kinase activity	146
1485	GO:0008929	F	methylglyoxal synthase activity	146
1486	GO:0009931	F	calcium-dependent protein serine/threonine kinase activity	146
1487	GO:0008968	F	D-sedoheptulose 7-phosphate isomerase activity	146
1488	GO:0010308	F	acireductone dioxygenase (Ni2+-requiring) activity	146
1489	GO:0010309	F	acireductone dioxygenase [iron(II)-requiring] activity	146
1490	GO:0061608	F	nuclear import signal receptor activity	146
1491	GO:0055106	F	ubiquitin-protein transferase regulator activity	145
1492	GO:0008926	F	mannitol-1-phosphate 5-dehydrogenase activity	145
1493	GO:0015138	F	fumarate transmembrane transporter activity	145
1494	GO:0004126	F	cytidine deaminase activity	145
1495	GO:0008765	F	UDP-N-acetylmuramoylalanyl-D-glutamate-2,6-diaminopimelate ligase activity	144
1496	GO:0060229	F	lipase activator activity	143
1497	GO:0016153	F	urocanate hydratase activity	143
1498	GO:0005044	F	scavenger receptor activity	143
1499	GO:0003920	F	GMP reductase activity	143
1500	GO:0009987	P	cellular process	376726
1501	GO:0008152	P	metabolic process	300732
1502	GO:0044238	P	primary metabolic process	251571
1503	GO:0009058	P	biosynthetic process	213584
1504	GO:0043170	P	macromolecule metabolic process	168479
1505	GO:0009059	P	macromolecule biosynthetic process	126219
1506	GO:0006139	P	nucleobase-containing compound metabolic process	113585
1507	GO:0010467	P	gene expression	111077
1508	GO:0044281	P	small molecule metabolic process	97116
1509	GO:0019538	P	protein metabolic process	95951
1510	GO:0065007	P	biological regulation	88746
1511	GO:0050789	P	regulation of biological process	81838
1512	GO:0050794	P	regulation of cellular process	77373
1513	GO:0090304	P	nucleic acid metabolic process	75383
1514	GO:0050896	P	response to stimulus	70907
1515	GO:0071840	P	cellular component organization or biogenesis	69898
1516	GO:0034654	P	nucleobase-containing compound biosynthetic process	68205
1517	GO:0006412	P	translation	59481
1518	GO:0160307	P	protein biosynthetic process	59481
1519	GO:0051179	P	localization	57119
1520	GO:0016070	P	RNA metabolic process	56097
1521	GO:0051234	P	establishment of localization	53615
1522	GO:0006793	P	phosphorus metabolic process	52606
1523	GO:0051716	P	cellular response to stimulus	52305
1524	GO:0019637	P	organophosphate metabolic process	52278
1525	GO:0016043	P	cellular component organization	52110
1526	GO:0006810	P	transport	51447
1527	GO:0043436	P	oxoacid metabolic process	51148
1528	GO:0019752	P	carboxylic acid metabolic process	50429
1529	GO:0019222	P	regulation of metabolic process	48068
1530	GO:1901135	P	carbohydrate derivative metabolic process	47890
1531	GO:0044283	P	small molecule biosynthetic process	45872
1532	GO:0060255	P	regulation of macromolecule metabolic process	44708
1533	GO:0009056	P	catabolic process	43994
1534	GO:0044085	P	cellular component biogenesis	43834
1535	GO:0006520	P	amino acid metabolic process	42411
1536	GO:0141187	P	nucleic acid biosynthetic process	41874
1537	GO:0009889	P	regulation of biosynthetic process	41524
1538	GO:0010556	P	regulation of macromolecule biosynthetic process	40120
1539	GO:0080090	P	regulation of primary metabolic process	40041
1540	GO:0090407	P	organophosphate biosynthetic process	39882
1541	GO:0010468	P	regulation of gene expression	39619
1542	GO:0032774	P	RNA biosynthetic process	39361
1543	GO:0006950	P	response to stress	39235
1544	GO:0055086	P	nucleobase-containing small molecule metabolic process	38702
1545	GO:0006753	P	nucleoside phosphate metabolic process	35818
1546	GO:0046394	P	carboxylic acid biosynthetic process	32765
1547	GO:1901137	P	carbohydrate derivative biosynthetic process	32708
1548	GO:0055085	P	transmembrane transport	32136
1549	GO:0019219	P	regulation of nucleobase-containing compound metabolic process	31364
1550	GO:0048518	P	positive regulation of biological process	31186
1551	GO:0006396	P	RNA processing	30268
1552	GO:0048519	P	negative regulation of biological process	29903
1553	GO:0032502	P	developmental process	28963
1554	GO:0048522	P	positive regulation of cellular process	28916
1555	GO:0051252	P	regulation of RNA metabolic process	28707
1556	GO:0032501	P	multicellular organismal process	28661
1557	GO:0006399	P	tRNA metabolic process	28629
1558	GO:0048523	P	negative regulation of cellular process	28353
1559	GO:0009117	P	nucleotide metabolic process	28273
1560	GO:0006996	P	organelle organization	27555
1561	GO:0043412	P	macromolecule modification	27220
1562	GO:0072521	P	purine-containing compound metabolic process	27207
1563	GO:2001141	P	regulation of RNA biosynthetic process	26997
1564	GO:0007154	P	cell communication	26958
1565	GO:0006355	P	regulation of DNA-templated transcription	26942
1566	GO:0042221	P	response to chemical	26798
1567	GO:0023052	P	signaling	26797
1568	GO:0048856	P	anatomical structure development	26698
1569	GO:1901293	P	nucleoside phosphate biosynthetic process	26308
1570	GO:0007165	P	signal transduction	25175
1571	GO:0170039	P	proteinogenic amino acid metabolic process	25112
1572	GO:0006629	P	lipid metabolic process	24773
1573	GO:0022607	P	cellular component assembly	24588
1574	GO:0033554	P	cellular response to stress	24300
1575	GO:0005975	P	carbohydrate metabolic process	22251
1576	GO:0019693	P	ribose phosphate metabolic process	21722
1577	GO:0006259	P	DNA metabolic process	21530
1578	GO:0009259	P	ribonucleotide metabolic process	21407
1579	GO:0006163	P	purine nucleotide metabolic process	20901
1580	GO:0006811	P	monoatomic ion transport	20625
1581	GO:0009165	P	nucleotide biosynthetic process	20380
1582	GO:0008652	P	amino acid biosynthetic process	20272
1583	GO:0006091	P	generation of precursor metabolites and energy	20163
1584	GO:0065008	P	regulation of biological quality	19335
1585	GO:0034220	P	monoatomic ion transmembrane transport	19204
1586	GO:0007275	P	multicellular organism development	19150
1587	GO:0170038	P	proteinogenic amino acid biosynthetic process	19108
1588	GO:0032787	P	monocarboxylic acid metabolic process	18841
1589	GO:0048583	P	regulation of response to stimulus	18774
1590	GO:0008610	P	lipid biosynthetic process	18602
1591	GO:0006812	P	monoatomic cation transport	18570
1592	GO:0009893	P	positive regulation of metabolic process	18074
1593	GO:0009892	P	negative regulation of metabolic process	18045
1594	GO:0160108	P	animal gross anatomical part developmental process	18044
1595	GO:0009451	P	RNA modification	17978
1596	GO:0022613	P	ribonucleoprotein complex biogenesis	17852
1597	GO:0044419	P	biological process involved in interspecies interaction between organisms	17779
1598	GO:0033036	P	macromolecule localization	17420
1599	GO:0072522	P	purine-containing compound biosynthetic process	17327
1600	GO:0098655	P	monoatomic cation transmembrane transport	17100
1601	GO:0009150	P	purine ribonucleotide metabolic process	17013
1602	GO:0010605	P	negative regulation of macromolecule metabolic process	16957
1603	GO:0010604	P	positive regulation of macromolecule metabolic process	16542
1604	GO:0043933	P	protein-containing complex organization	16536
1605	GO:0046390	P	ribose phosphate biosynthetic process	16487
1606	GO:0015980	P	energy derivation by oxidation of organic compounds	16305
1607	GO:0009260	P	ribonucleotide biosynthetic process	16258
1608	GO:0042254	P	ribosome biogenesis	16209
1609	GO:0009057	P	macromolecule catabolic process	16145
1610	GO:0048731	P	system development	15957
1611	GO:0006974	P	DNA damage response	15956
1612	GO:0009890	P	negative regulation of biosynthetic process	15363
1613	GO:0010646	P	regulation of cell communication	15355
1614	GO:0023051	P	regulation of signaling	15343
1615	GO:0070887	P	cellular response to chemical stimulus	15333
1616	GO:0048869	P	cellular developmental process	15194
1617	GO:0008033	P	tRNA processing	15100
1618	GO:0030154	P	cell differentiation	15004
1619	GO:0010558	P	negative regulation of macromolecule biosynthetic process	14911
1620	GO:0045333	P	cellular respiration	14842
1621	GO:0009891	P	positive regulation of biosynthetic process	14607
1622	GO:0044282	P	small molecule catabolic process	14296
1623	GO:0051641	P	cellular localization	14290
1624	GO:0006164	P	purine nucleotide biosynthetic process	13995
1625	GO:0010557	P	positive regulation of macromolecule biosynthetic process	13941
1626	GO:0006281	P	DNA repair	13912
1627	GO:0006790	P	sulfur compound metabolic process	13825
1628	GO:0065003	P	protein-containing complex assembly	13788
1629	GO:0009060	P	aerobic respiration	13701
1630	GO:0008104	P	intracellular protein localization	13500
1631	GO:0009966	P	regulation of signal transduction	13310
1632	GO:0043038	P	amino acid activation	13158
1633	GO:0043039	P	tRNA aminoacylation	12921
1634	GO:0006357	P	regulation of transcription by RNA polymerase II	12915
1635	GO:0006400	P	tRNA modification	12892
1636	GO:0051604	P	protein maturation	12783
1637	GO:0009141	P	nucleoside triphosphate metabolic process	12758
1638	GO:0051239	P	regulation of multicellular organismal process	12529
1639	GO:0009605	P	response to external stimulus	12180
1640	GO:0051128	P	regulation of cellular component organization	12106
1641	GO:0009152	P	purine ribonucleotide biosynthetic process	11961
1642	GO:1902600	P	proton transmembrane transport	11706
1643	GO:0009144	P	purine nucleoside triphosphate metabolic process	11699
1644	GO:0034655	P	nucleobase-containing compound catabolic process	11659
1645	GO:0050793	P	regulation of developmental process	11590
1646	GO:0006644	P	phospholipid metabolic process	11563
1647	GO:0009653	P	anatomical structure morphogenesis	11433
1648	GO:0006418	P	tRNA aminoacylation for protein translation	11340
1649	GO:0009205	P	purine ribonucleoside triphosphate metabolic process	11250
1650	GO:1901700	P	response to oxygen-containing compound	11193
1651	GO:0051649	P	establishment of localization in cell	11124
1652	GO:0016072	P	rRNA metabolic process	11108
1653	GO:0048513	P	animal organ development	11072
1654	GO:0022414	P	reproductive process	10973
1655	GO:0045184	P	establishment of protein localization	10821
1656	GO:0046034	P	ATP metabolic process	10546
1657	GO:0044272	P	sulfur compound biosynthetic process	10408
1658	GO:0006364	P	rRNA processing	10356
1659	GO:0009123	P	nucleoside monophosphate metabolic process	10335
1660	GO:0072527	P	pyrimidine-containing compound metabolic process	10328
1661	GO:0006508	P	proteolysis	10057
1662	GO:0048584	P	positive regulation of response to stimulus	9970
1663	GO:0051254	P	positive regulation of RNA metabolic process	9963
1664	GO:0009628	P	response to abiotic stimulus	9937
1665	GO:0048468	P	cell development	9910
1666	GO:0035556	P	intracellular signal transduction	9879
1667	GO:0042592	P	homeostatic process	9771
1668	GO:0009124	P	nucleoside monophosphate biosynthetic process	9746
1669	GO:0045934	P	negative regulation of nucleobase-containing compound metabolic process	9545
1670	GO:0007049	P	cell cycle	9504
1671	GO:0046907	P	intracellular transport	9315
1672	GO:0051246	P	regulation of protein metabolic process	9251
1673	GO:0072524	P	pyridine-containing compound metabolic process	9225
1674	GO:1902680	P	positive regulation of RNA biosynthetic process	9221
1675	GO:0009607	P	response to biotic stimulus	9216
1676	GO:0045893	P	positive regulation of DNA-templated transcription	9211
1677	GO:0006351	P	DNA-templated transcription	9146
1678	GO:0036211	P	protein modification process	9139
1679	GO:0008654	P	phospholipid biosynthetic process	9113
1680	GO:0009072	P	aromatic amino acid metabolic process	9090
1681	GO:0022402	P	cell cycle process	9026
1682	GO:0006766	P	vitamin metabolic process	9006
1683	GO:0006952	P	defense response	8987
1684	GO:0046395	P	carboxylic acid catabolic process	8956
1685	GO:0072528	P	pyrimidine-containing compound biosynthetic process	8901
1686	GO:0032879	P	regulation of localization	8894
1687	GO:0009110	P	vitamin biosynthetic process	8825
1688	GO:0016052	P	carbohydrate catabolic process	8720
1689	GO:0043207	P	response to external biotic stimulus	8719
1690	GO:0072330	P	monocarboxylic acid biosynthetic process	8713
1691	GO:0051707	P	response to other organism	8699
1692	GO:0051253	P	negative regulation of RNA metabolic process	8676
1693	GO:0042364	P	water-soluble vitamin biosynthetic process	8672
1694	GO:0015031	P	protein transport	8658
1695	GO:1901136	P	carbohydrate derivative catabolic process	8430
1696	GO:0009156	P	ribonucleoside monophosphate biosynthetic process	8418
1697	GO:0030163	P	protein catabolic process	8402
1698	GO:0007399	P	nervous system development	8319
1699	GO:0002376	P	immune system process	8252
1700	GO:0007166	P	cell surface receptor signaling pathway	8230
1701	GO:1902531	P	regulation of intracellular signal transduction	8212
1702	GO:1902679	P	negative regulation of RNA biosynthetic process	8152
1703	GO:0006457	P	protein folding	8150
1704	GO:0045892	P	negative regulation of DNA-templated transcription	8117
1705	GO:0070925	P	organelle assembly	8104
1706	GO:0016051	P	carbohydrate biosynthetic process	8061
1707	GO:0006260	P	DNA replication	8008
1708	GO:0032259	P	methylation	7876
1709	GO:0009142	P	nucleoside triphosphate biosynthetic process	7866
1710	GO:0071554	P	cell wall organization or biogenesis	7864
1711	GO:0009201	P	ribonucleoside triphosphate biosynthetic process	7841
1712	GO:0043414	P	macromolecule methylation	7724
1713	GO:0009073	P	aromatic amino acid biosynthetic process	7705
1714	GO:0046496	P	nicotinamide nucleotide metabolic process	7704
1715	GO:0010629	P	negative regulation of gene expression	7700
1716	GO:0044403	P	biological process involved in symbiotic interaction	7649
1717	GO:0006575	P	modified amino acid metabolic process	7621
1718	GO:0006631	P	fatty acid metabolic process	7614
1719	GO:0001510	P	RNA methylation	7580
1720	GO:0023056	P	positive regulation of signaling	7538
1721	GO:0010647	P	positive regulation of cell communication	7536
1722	GO:0022900	P	electron transport chain	7442
1723	GO:0016071	P	mRNA metabolic process	7379
1724	GO:0006022	P	aminoglycan metabolic process	7355
1725	GO:0009719	P	response to endogenous stimulus	7346
1726	GO:0003008	P	system process	7323
1727	GO:0007010	P	cytoskeleton organization	7308
1728	GO:0046434	P	organophosphate catabolic process	7303
1729	GO:0051701	P	biological process involved in interaction with host	7290
1730	GO:0051049	P	regulation of transport	7205
1731	GO:0048585	P	negative regulation of response to stimulus	7148
1732	GO:0016192	P	vesicle-mediated transport	7148
1733	GO:0006220	P	pyrimidine nucleotide metabolic process	7133
1734	GO:0016032	P	viral process	7069
1735	GO:0030001	P	metal ion transport	7069
1736	GO:0048878	P	chemical homeostasis	7041
1737	GO:0006310	P	DNA recombination	6995
1738	GO:0030203	P	glycosaminoglycan metabolic process	6944
1739	GO:0005996	P	monosaccharide metabolic process	6826
1740	GO:1901701	P	cellular response to oxygen-containing compound	6804
1741	GO:0009967	P	positive regulation of signal transduction	6774
1742	GO:0051240	P	positive regulation of multicellular organismal process	6719
1743	GO:0006066	P	alcohol metabolic process	6714
1744	GO:0003006	P	developmental process involved in reproduction	6667
1745	GO:0009145	P	purine nucleoside triphosphate biosynthetic process	6666
1746	GO:0009206	P	purine ribonucleoside triphosphate biosynthetic process	6663
1747	GO:0000270	P	peptidoglycan metabolic process	6649
1748	GO:0042546	P	cell wall biogenesis	6606
1749	GO:0006221	P	pyrimidine nucleotide biosynthetic process	6586
1750	GO:0080134	P	regulation of response to stress	6543
1751	GO:0044036	P	cell wall macromolecule metabolic process	6515
1752	GO:0002682	P	regulation of immune system process	6453
1753	GO:0009888	P	tissue development	6412
1754	GO:0022411	P	cellular component disassembly	6158
1755	GO:0042127	P	regulation of cell population proliferation	6155
1756	GO:0044038	P	cell wall macromolecule biosynthetic process	6110
1757	GO:0071705	P	nitrogen compound transport	6104
1758	GO:0045944	P	positive regulation of transcription by RNA polymerase II	6093
1759	GO:0061024	P	membrane organization	6078
1760	GO:0006720	P	isoprenoid metabolic process	6039
1761	GO:0006754	P	ATP biosynthetic process	6010
1762	GO:0006081	P	aldehyde metabolic process	6004
1763	GO:0010648	P	negative regulation of cell communication	5995
1764	GO:0023057	P	negative regulation of signaling	5982
1765	GO:0010608	P	post-transcriptional regulation of gene expression	5977
1766	GO:0015986	P	proton motive force-driven ATP synthesis	5956
1767	GO:0006023	P	aminoglycan biosynthetic process	5928
1768	GO:0010628	P	positive regulation of gene expression	5905
1769	GO:0009273	P	peptidoglycan-based cell wall biogenesis	5901
1770	GO:0009112	P	nucleobase metabolic process	5890
1771	GO:0019058	P	viral life cycle	5839
1772	GO:0002181	P	cytoplasmic translation	5833
1773	GO:0043067	P	regulation of programmed cell death	5832
1774	GO:0015979	P	photosynthesis	5823
1775	GO:0072523	P	purine-containing compound catabolic process	5822
1776	GO:0022904	P	respiratory electron transport chain	5818
1777	GO:0009132	P	nucleoside diphosphate metabolic process	5801
1778	GO:0019953	P	sexual reproduction	5793
1779	GO:0019725	P	cellular homeostasis	5752
1780	GO:0006024	P	glycosaminoglycan biosynthetic process	5751
1781	GO:1901292	P	nucleoside phosphate catabolic process	5744
1782	GO:0009725	P	response to hormone	5733
1783	GO:2000026	P	regulation of multicellular organismal development	5713
1784	GO:0022008	P	neurogenesis	5713
1785	GO:0051726	P	regulation of cell cycle	5687
1786	GO:0045595	P	regulation of cell differentiation	5664
1787	GO:0033013	P	tetrapyrrole metabolic process	5657
1788	GO:0005976	P	polysaccharide metabolic process	5656
1789	GO:0035821	P	modulation of process of another organism	5631
1790	GO:0009252	P	peptidoglycan biosynthetic process	5630
1791	GO:0009063	P	amino acid catabolic process	5624
1792	GO:0006119	P	oxidative phosphorylation	5618
1793	GO:0033043	P	regulation of organelle organization	5611
1794	GO:0006955	P	immune response	5589
1795	GO:0009968	P	negative regulation of signal transduction	5551
1796	GO:0009126	P	purine nucleoside monophosphate metabolic process	5534
1797	GO:0009167	P	purine ribonucleoside monophosphate metabolic process	5512
1798	GO:0008299	P	isoprenoid biosynthetic process	5510
1799	GO:0033014	P	tetrapyrrole biosynthetic process	5463
1800	GO:0007186	P	G protein-coupled receptor signaling pathway	5460
1801	GO:0042981	P	regulation of apoptotic process	5459
1802	GO:0051301	P	cell division	5446
1803	GO:0140694	P	membraneless organelle assembly	5419
1804	GO:0006414	P	translational elongation	5387
1805	GO:0141188	P	nucleic acid catabolic process	5374
1806	GO:0009166	P	nucleotide catabolic process	5368
1807	GO:0048870	P	cell motility	5353
1808	GO:0030030	P	cell projection organization	5329
1809	GO:0006633	P	fatty acid biosynthetic process	5321
1810	GO:0006325	P	chromatin organization	5290
1811	GO:0009636	P	response to toxic substance	5254
1812	GO:0051094	P	positive regulation of developmental process	5251
1813	GO:0009185	P	ribonucleoside diphosphate metabolic process	5238
1814	GO:0042274	P	ribosomal small subunit biogenesis	5207
1815	GO:0043648	P	dicarboxylic acid metabolic process	5203
1816	GO:0042398	P	modified amino acid biosynthetic process	5168
1817	GO:0019318	P	hexose metabolic process	5164
1818	GO:0009894	P	regulation of catabolic process	5153
1819	GO:0044087	P	regulation of cellular component biogenesis	5140
1820	GO:0007017	P	microtubule-based process	5063
1821	GO:0009127	P	purine nucleoside monophosphate biosynthetic process	5045
1822	GO:0009168	P	purine ribonucleoside monophosphate biosynthetic process	5027
1823	GO:0043687	P	post-translational protein modification	5026
1824	GO:0006979	P	response to oxidative stress	5012
1825	GO:0071826	P	protein-RNA complex organization	5007
1826	GO:0042773	P	ATP synthesis coupled electron transport	5005
1827	GO:0048699	P	generation of neurons	5001
1828	GO:0071495	P	cellular response to endogenous stimulus	4976
1829	GO:0120036	P	plasma membrane bounded cell projection organization	4934
1830	GO:0051130	P	positive regulation of cellular component organization	4904
1831	GO:0022618	P	protein-RNA complex assembly	4900
1832	GO:0033993	P	response to lipid	4891
1833	GO:0002097	P	tRNA wobble base modification	4874
1834	GO:0009084	P	glutamate family amino acid biosynthetic process	4863
1835	GO:0006886	P	intracellular protein transport	4862
1836	GO:1903509	P	liposaccharide metabolic process	4846
1837	GO:0009218	P	pyrimidine ribonucleotide metabolic process	4842
1838	GO:0070647	P	protein modification by small protein conjugation or removal	4829
1839	GO:0006195	P	purine nucleotide catabolic process	4826
1840	GO:0006417	P	regulation of translation	4824
1841	GO:0009220	P	pyrimidine ribonucleotide biosynthetic process	4788
1842	GO:0098754	P	detoxification	4787
1843	GO:0050877	P	nervous system process	4778
1844	GO:0032101	P	regulation of response to external stimulus	4777
1845	GO:0009067	P	aspartate family amino acid biosynthetic process	4724
1846	GO:0098657	P	import into cell	4713
1847	GO:0009135	P	purine nucleoside diphosphate metabolic process	4711
1848	GO:0009179	P	purine ribonucleoside diphosphate metabolic process	4710
1849	GO:0006090	P	pyruvate metabolic process	4708
1850	GO:0030182	P	neuron differentiation	4705
1851	GO:0000154	P	rRNA modification	4683
1852	GO:0055082	P	intracellular chemical homeostasis	4668
1853	GO:0048609	P	multicellular organismal reproductive process	4642
1854	GO:1902533	P	positive regulation of intracellular signal transduction	4619
1855	GO:0033365	P	protein localization to organelle	4614
1856	GO:0046112	P	nucleobase biosynthetic process	4607
1857	GO:0051241	P	negative regulation of multicellular organismal process	4594
1858	GO:0009617	P	response to bacterium	4581
1859	GO:0009261	P	ribonucleotide catabolic process	4580
1860	GO:0009154	P	purine ribonucleotide catabolic process	4534
1861	GO:0006401	P	RNA catabolic process	4527
1862	GO:0170040	P	proteinogenic amino acid catabolic process	4526
1863	GO:0000278	P	mitotic cell cycle	4521
1864	GO:0072526	P	pyridine-containing compound catabolic process	4472
1865	GO:0006721	P	terpenoid metabolic process	4461
1866	GO:0006525	P	arginine metabolic process	4444
1867	GO:0006338	P	chromatin remodeling	4438
1868	GO:0051668	P	localization within membrane	4424
1869	GO:0019364	P	pyridine nucleotide catabolic process	4399
1870	GO:0046031	P	ADP metabolic process	4394
1871	GO:0052803	P	imidazole-containing compound metabolic process	4393
1872	GO:0009134	P	nucleoside diphosphate catabolic process	4369
1873	GO:0048646	P	anatomical structure formation involved in morphogenesis	4357
1874	GO:0097237	P	cellular response to toxic substance	4357
1875	GO:0009790	P	embryo development	4350
1876	GO:0009191	P	ribonucleoside diphosphate catabolic process	4343
1877	GO:0009129	P	pyrimidine nucleoside monophosphate metabolic process	4336
1878	GO:0009130	P	pyrimidine nucleoside monophosphate biosynthetic process	4316
1879	GO:0009137	P	purine nucleoside diphosphate catabolic process	4314
1880	GO:0009181	P	purine ribonucleoside diphosphate catabolic process	4313
1881	GO:0031167	P	rRNA methylation	4304
1882	GO:0046032	P	ADP catabolic process	4304
1883	GO:1990748	P	cellular detoxification	4302
1884	GO:0006096	P	glycolytic process	4291
1885	GO:0022603	P	regulation of anatomical structure morphogenesis	4230
1886	GO:1901698	P	response to nitrogen compound	4229
1887	GO:0031667	P	response to nutrient levels	4227
1888	GO:0010564	P	regulation of cell cycle process	4227
1889	GO:0040012	P	regulation of locomotion	4214
1890	GO:0042440	P	pigment metabolic process	4214
1891	GO:0043632	P	modification-dependent macromolecule catabolic process	4201
1892	GO:0006006	P	glucose metabolic process	4186
1893	GO:0006397	P	mRNA processing	4173
1894	GO:0050801	P	monoatomic ion homeostasis	4173
1895	GO:0032446	P	protein modification by small protein conjugation	4156
1896	GO:0019941	P	modification-dependent protein catabolic process	4148
1897	GO:0009308	P	amine metabolic process	4073
1898	GO:0055080	P	monoatomic cation homeostasis	4068
1899	GO:0060429	P	epithelium development	4056
1900	GO:0051276	P	chromosome organization	4033
1901	GO:1903047	P	mitotic cell cycle process	4021
1902	GO:0016114	P	terpenoid biosynthetic process	4000
1903	GO:0050776	P	regulation of immune response	3981
1904	GO:0046148	P	pigment biosynthetic process	3972
1905	GO:0000902	P	cell morphogenesis	3967
1906	GO:0002684	P	positive regulation of immune system process	3958
1907	GO:0010498	P	proteasomal protein catabolic process	3954
1908	GO:0006206	P	pyrimidine nucleobase metabolic process	3948
1909	GO:0046486	P	glycerolipid metabolic process	3931
1910	GO:0051247	P	positive regulation of protein metabolic process	3905
1911	GO:0006664	P	glycolipid metabolic process	3871
1912	GO:0051050	P	positive regulation of transport	3862
1913	GO:0006450	P	regulation of translational fidelity	3837
1914	GO:2000145	P	regulation of cell motility	3828
1915	GO:0019682	P	glyceraldehyde-3-phosphate metabolic process	3820
1916	GO:0000271	P	polysaccharide biosynthetic process	3771
1917	GO:0045229	P	external encapsulating structure organization	3764
1918	GO:0000122	P	negative regulation of transcription by RNA polymerase II	3754
1919	GO:0006511	P	ubiquitin-dependent protein catabolic process	3750
1920	GO:0032880	P	regulation of protein localization	3749
1921	GO:0006576	P	biogenic amine metabolic process	3747
1922	GO:0006778	P	porphyrin-containing compound metabolic process	3724
1923	GO:0000105	P	L-histidine biosynthetic process	3724
1924	GO:0031347	P	regulation of defense response	3723
1925	GO:0170041	P	non-proteinogenic amino acid metabolic process	3655
1926	GO:0098542	P	defense response to other organism	3641
1927	GO:0009247	P	glycolipid biosynthetic process	3619
1928	GO:0007276	P	gamete generation	3618
1929	GO:0006526	P	L-arginine biosynthetic process	3598
1930	GO:0046165	P	alcohol biosynthetic process	3596
1931	GO:0048666	P	neuron development	3589
1932	GO:0009887	P	animal organ morphogenesis	3586
1933	GO:0006779	P	porphyrin-containing compound biosynthetic process	3562
1934	GO:0016477	P	cell migration	3561
1935	GO:0043069	P	negative regulation of programmed cell death	3542
1936	GO:0044003	P	symbiont-mediated perturbation of host process	3530
1937	GO:0046903	P	secretion	3488
1938	GO:0030488	P	tRNA methylation	3479
1939	GO:0051093	P	negative regulation of developmental process	3478
1940	GO:0030334	P	regulation of cell migration	3471
1941	GO:0008284	P	positive regulation of cell population proliferation	3471
1942	GO:0043650	P	dicarboxylic acid biosynthetic process	3467
1943	GO:0007417	P	central nervous system development	3454
1944	GO:0006873	P	intracellular monoatomic ion homeostasis	3442
1945	GO:0009309	P	amine biosynthetic process	3429
1946	GO:0042401	P	biogenic amine biosynthetic process	3428
1947	GO:0006650	P	glycerophospholipid metabolic process	3427
1948	GO:0006413	P	translational initiation	3427
1949	GO:0016567	P	protein ubiquitination	3417
1950	GO:0000226	P	microtubule cytoskeleton organization	3415
1951	GO:0098771	P	inorganic ion homeostasis	3402
1952	GO:0051052	P	regulation of DNA metabolic process	3400
1953	GO:0141124	P	intracellular signaling cassette	3388
1954	GO:0009147	P	pyrimidine nucleoside triphosphate metabolic process	3385
1955	GO:0032870	P	cellular response to hormone stimulus	3380
1956	GO:0007155	P	cell adhesion	3374
1957	GO:0030003	P	intracellular monoatomic cation homeostasis	3365
1958	GO:0042255	P	ribosome assembly	3359
1959	GO:0019856	P	pyrimidine nucleobase biosynthetic process	3346
1960	GO:0046364	P	monosaccharide biosynthetic process	3340
1961	GO:0140546	P	defense response to symbiont	3329
1962	GO:0051129	P	negative regulation of cellular component organization	3314
1963	GO:0043066	P	negative regulation of apoptotic process	3314
1964	GO:0007267	P	cell-cell signaling	3279
1965	GO:0009081	P	branched-chain amino acid metabolic process	3276
1966	GO:0019646	P	aerobic electron transport chain	3259
1967	GO:0015849	P	organic acid transport	3254
1968	GO:0009314	P	response to radiation	3253
1969	GO:0072525	P	pyridine-containing compound biosynthetic process	3247
1970	GO:1903008	P	organelle disassembly	3237
1971	GO:0051248	P	negative regulation of protein metabolic process	3230
1972	GO:0062197	P	cellular response to chemical stress	3224
1973	GO:0042430	P	indole-containing compound metabolic process	3219
1974	GO:0106074	P	aminoacyl-tRNA metabolism involved in translational fidelity	3213
1975	GO:1901652	P	response to peptide	3211
1976	GO:0030029	P	actin filament-based process	3208
1977	GO:0045597	P	positive regulation of cell differentiation	3192
1978	GO:0009173	P	pyrimidine ribonucleoside monophosphate metabolic process	3187
1979	GO:0140352	P	export from cell	3179
1980	GO:0042775	P	mitochondrial ATP synthesis coupled electron transport	3173
1981	GO:0046942	P	carboxylic acid transport	3172
1982	GO:0009174	P	pyrimidine ribonucleoside monophosphate biosynthetic process	3170
1983	GO:0009266	P	response to temperature stimulus	3169
1984	GO:0019748	P	secondary metabolic process	3161
1985	GO:0034097	P	response to cytokine	3147
1986	GO:0046049	P	UMP metabolic process	3144
1987	GO:0006222	P	UMP biosynthetic process	3129
1988	GO:0098869	P	cellular oxidant detoxification	3105
1989	GO:0006040	P	amino sugar metabolic process	3100
1990	GO:0008380	P	RNA splicing	3097
1991	GO:0046040	P	IMP metabolic process	3097
1992	GO:0042180	P	ketone metabolic process	3093
1993	GO:0072594	P	establishment of protein localization to organelle	3090
1994	GO:0006261	P	DNA-templated DNA replication	3087
1995	GO:0097435	P	supramolecular fiber organization	3086
1996	GO:0035295	P	tube development	3085
1997	GO:0072359	P	circulatory system development	3077
1998	GO:0010817	P	regulation of hormone levels	3072
1999	GO:0010876	P	lipid localization	3061
2000	GO:0060284	P	regulation of cell development	3056
2001	GO:0006869	P	lipid transport	3054
2002	GO:1901269	P	lipooligosaccharide metabolic process	3053
2003	GO:0032790	P	ribosome disassembly	3047
2004	GO:0046493	P	lipid A metabolic process	3047
2005	GO:0040008	P	regulation of growth	3033
2006	GO:0042168	P	heme metabolic process	3032
2007	GO:0019319	P	hexose biosynthetic process	3028
2008	GO:0007600	P	sensory perception	3010
2009	GO:0030155	P	regulation of cell adhesion	3010
2010	GO:0006302	P	double-strand break repair	3009
2011	GO:0002098	P	tRNA wobble uridine modification	3004
2012	GO:0044409	P	symbiont entry into host	2999
2013	GO:0006094	P	gluconeogenesis	2997
2014	GO:0009082	P	branched-chain amino acid biosynthetic process	2988
2015	GO:0009148	P	pyrimidine nucleoside triphosphate biosynthetic process	2987
2016	GO:0051640	P	organelle localization	2978
2017	GO:0006897	P	endocytosis	2967
2018	GO:0042742	P	defense response to bacterium	2964
2019	GO:0007059	P	chromosome segregation	2963
2020	GO:0030036	P	actin cytoskeleton organization	2963
2021	GO:0046718	P	symbiont entry into host cell	2962
2022	GO:0007005	P	mitochondrion organization	2958
2023	GO:1901271	P	lipooligosaccharide biosynthetic process	2951
2024	GO:0010256	P	endomembrane system organization	2950
2025	GO:0046490	P	isopentenyl diphosphate metabolic process	2949
2026	GO:0009240	P	isopentenyl diphosphate biosynthetic process	2948
2027	GO:0009245	P	lipid A biosynthetic process	2942
2028	GO:1902532	P	negative regulation of intracellular signal transduction	2933
2029	GO:0016042	P	lipid catabolic process	2924
2030	GO:0007610	P	behavior	2924
2031	GO:0043094	P	metabolic compound salvage	2919
2032	GO:0006783	P	heme biosynthetic process	2919
2033	GO:0009079	P	pyruvate family amino acid biosynthetic process	2916
2034	GO:0031175	P	neuron projection development	2906
2035	GO:0009225	P	nucleotide-sugar metabolic process	2893
2036	GO:0048285	P	organelle fission	2890
2037	GO:0051046	P	regulation of secretion	2883
2038	GO:0042558	P	pteridine-containing compound metabolic process	2864
2039	GO:0046417	P	chorismate metabolic process	2855
2040	GO:0007167	P	enzyme-linked receptor protein signaling pathway	2841
2041	GO:0001817	P	regulation of cytokine production	2815
2042	GO:0009423	P	chorismate biosynthetic process	2790
2043	GO:0042559	P	pteridine-containing compound biosynthetic process	2766
2044	GO:1901699	P	cellular response to nitrogen compound	2762
2045	GO:0043408	P	regulation of MAPK cascade	2753
2046	GO:0019288	P	isopentenyl diphosphate biosynthetic process, methylerythritol phosphate pathway	2753
2047	GO:0009432	P	SOS response	2743
2048	GO:0071345	P	cellular response to cytokine stimulus	2741
2049	GO:0031344	P	regulation of cell projection organization	2729
2050	GO:0050778	P	positive regulation of immune response	2727
2051	GO:0034308	P	primary alcohol metabolic process	2725
2052	GO:1902223	P	erythrose 4-phosphate/phosphoenolpyruvate family amino acid biosynthetic process	2725
2053	GO:0160109	P	plant gross anatomical part developmental process	2721
2054	GO:0042435	P	indole-containing compound biosynthetic process	2715
2055	GO:0072329	P	monocarboxylic acid catabolic process	2714
2056	GO:0000910	P	cytokinesis	2713
2057	GO:0071806	P	protein transmembrane transport	2690
2058	GO:0009416	P	response to light stimulus	2687
2059	GO:0071897	P	DNA biosynthetic process	2677
2060	GO:0019751	P	polyol metabolic process	2661
2061	GO:0008219	P	cell death	2660
2062	GO:0012501	P	programmed cell death	2654
2063	GO:0009896	P	positive regulation of catabolic process	2647
2064	GO:0071396	P	cellular response to lipid	2644
2065	GO:0000096	P	sulfur amino acid metabolic process	2639
2066	GO:0032984	P	protein-containing complex disassembly	2638
2067	GO:0034599	P	cellular response to oxidative stress	2637
2068	GO:0009791	P	post-embryonic development	2634
2069	GO:0006605	P	protein targeting	2630
2070	GO:0070475	P	rRNA base methylation	2627
2071	GO:0000280	P	nuclear division	2621
2072	GO:0045087	P	innate immune response	2614
2073	GO:0046219	P	indolalkylamine biosynthetic process	2608
2074	GO:0000162	P	L-tryptophan biosynthetic process	2606
2075	GO:0060322	P	head development	2596
2076	GO:0009226	P	nucleotide-sugar biosynthetic process	2589
2077	GO:0044205	P	'de novo' UMP biosynthetic process	2589
2078	GO:1903530	P	regulation of secretion by cell	2579
2079	GO:0006760	P	folic acid-containing compound metabolic process	2571
2080	GO:0009116	P	nucleoside metabolic process	2567
2081	GO:0002831	P	regulation of response to biotic stimulus	2566
2082	GO:0040011	P	locomotion	2557
2083	GO:0043161	P	proteasome-mediated ubiquitin-dependent protein catabolic process	2556
2084	GO:0008285	P	negative regulation of cell population proliferation	2550
2085	GO:0044068	P	symbiont-mediated perturbation of host cellular process	2546
2086	GO:0061458	P	reproductive system development	2542
2087	GO:0032103	P	positive regulation of response to external stimulus	2539
2088	GO:0048608	P	reproductive structure development	2533
2089	GO:0040007	P	growth	2527
2090	GO:0044550	P	secondary metabolite biosynthetic process	2510
2091	GO:0006637	P	acyl-CoA metabolic process	2505
2092	GO:0007389	P	pattern specification process	2504
2093	GO:0044057	P	regulation of system process	2500
2094	GO:0032940	P	secretion by cell	2495
2095	GO:0051493	P	regulation of cytoskeleton organization	2491
2096	GO:0065009	P	regulation of molecular function	2479
2097	GO:0009396	P	folic acid-containing compound biosynthetic process	2477
2098	GO:0120035	P	regulation of plasma membrane bounded cell projection organization	2473
2099	GO:0001775	P	cell activation	2468
2100	GO:0007423	P	sensory organ development	2463
2101	GO:0010038	P	response to metal ion	2462
2102	GO:0090066	P	regulation of anatomical structure size	2461
2103	GO:0080135	P	regulation of cellular response to stress	2457
2104	GO:0048232	P	male gamete generation	2449
2105	GO:0007346	P	regulation of mitotic cell cycle	2442
2106	GO:0046653	P	tetrahydrofolate metabolic process	2437
2107	GO:0006402	P	mRNA catabolic process	2433
2108	GO:0009792	P	embryo development ending in birth or egg hatching	2432
2109	GO:0006796	P	phosphate-containing compound metabolic process	2427
2110	GO:0048871	P	multicellular organismal-level homeostasis	2427
2111	GO:0072593	P	reactive oxygen species metabolic process	2427
2112	GO:0007420	P	brain development	2425
2113	GO:0090150	P	establishment of protein localization to membrane	2424
2114	GO:0045017	P	glycerolipid biosynthetic process	2422
2115	GO:0042181	P	ketone biosynthetic process	2409
2116	GO:0042273	P	ribosomal large subunit biogenesis	2405
2117	GO:0040017	P	positive regulation of locomotion	2402
2118	GO:0051606	P	detection of stimulus	2398
2119	GO:0030097	P	hemopoiesis	2381
2120	GO:0046654	P	tetrahydrofolate biosynthetic process	2370
2121	GO:0006188	P	IMP biosynthetic process	2353
2122	GO:0042330	P	taxis	2340
2123	GO:0050865	P	regulation of cell activation	2324
2124	GO:0051259	P	protein complex oligomerization	2323
2125	GO:0009085	P	L-lysine biosynthetic process	2321
2126	GO:0006730	P	one-carbon metabolic process	2319
2127	GO:0022412	P	cellular process involved in reproduction in multicellular organism	2318
2128	GO:0031399	P	regulation of protein modification process	2312
2129	GO:0019684	P	photosynthesis, light reaction	2303
2130	GO:0007283	P	spermatogenesis	2302
2131	GO:0007018	P	microtubule-based movement	2301
2132	GO:1901987	P	regulation of cell cycle phase transition	2287
2133	GO:0042723	P	thiamine-containing compound metabolic process	2287
2134	GO:0048598	P	embryonic morphogenesis	2273
2135	GO:0009410	P	response to xenobiotic stimulus	2272
2136	GO:0042594	P	response to starvation	2272
2137	GO:0046474	P	glycerophospholipid biosynthetic process	2268
2138	GO:0015698	P	inorganic anion transport	2268
2139	GO:0044042	P	glucan metabolic process	2263
2140	GO:0003002	P	regionalization	2257
2141	GO:0071941	P	nitrogen cycle metabolic process	2248
2142	GO:2000147	P	positive regulation of cell motility	2242
2143	GO:0006366	P	transcription by RNA polymerase II	2240
2144	GO:0000302	P	response to reactive oxygen species	2232
2145	GO:0030855	P	epithelial cell differentiation	2226
2146	GO:0009408	P	response to heat	2224
2147	GO:0035239	P	tube morphogenesis	2221
2148	GO:0052031	P	symbiont-mediated perturbation of host defense response	2218
2149	GO:0030031	P	cell projection assembly	2215
2150	GO:0042724	P	thiamine-containing compound biosynthetic process	2212
2151	GO:0045596	P	negative regulation of cell differentiation	2210
2152	GO:0099177	P	regulation of trans-synaptic signaling	2203
2153	GO:0048729	P	tissue morphogenesis	2197
2154	GO:0050804	P	modulation of chemical synaptic transmission	2197
2155	GO:0006207	P	'de novo' pyrimidine nucleobase biosynthetic process	2195
2156	GO:0006189	P	'de novo' IMP biosynthetic process	2191
2157	GO:0006935	P	chemotaxis	2188
2158	GO:0000041	P	transition metal ion transport	2183
2159	GO:0043068	P	positive regulation of programmed cell death	2182
2160	GO:0006915	P	apoptotic process	2180
2161	GO:0062012	P	regulation of small molecule metabolic process	2179
2162	GO:0042026	P	protein refolding	2171
2163	GO:0006099	P	tricarboxylic acid cycle	2151
2164	GO:0009100	P	glycoprotein metabolic process	2142
2165	GO:0071555	P	cell wall organization	2134
2166	GO:0007281	P	germ cell development	2130
2167	GO:0060341	P	regulation of cellular localization	2128
2168	GO:0034330	P	cell junction organization	2124
2169	GO:0002182	P	cytoplasmic translational elongation	2123
2170	GO:0002694	P	regulation of leukocyte activation	2122
2171	GO:0002683	P	negative regulation of immune system process	2120
2172	GO:0048858	P	cell projection morphogenesis	2115
2173	GO:0048193	P	Golgi vesicle transport	2112
2174	GO:0006813	P	potassium ion transport	2111
2175	GO:0031669	P	cellular response to nutrient levels	2111
2176	GO:0010638	P	positive regulation of organelle organization	2110
2177	GO:0043173	P	nucleotide salvage	2107
2178	GO:0030335	P	positive regulation of cell migration	2098
2179	GO:0120039	P	plasma membrane bounded cell projection morphogenesis	2097
2180	GO:0006555	P	L-methionine metabolic process	2096
2181	GO:0044089	P	positive regulation of cellular component biogenesis	2086
2182	GO:0097305	P	response to alcohol	2079
2183	GO:0104004	P	cellular response to environmental stimulus	2073
2184	GO:0071214	P	cellular response to abiotic stimulus	2073
2185	GO:0048812	P	neuron projection morphogenesis	2071
2186	GO:0051321	P	meiotic cell cycle	2066
2187	GO:0043065	P	positive regulation of apoptotic process	2051
2188	GO:0045321	P	leukocyte activation	2048
2189	GO:0009394	P	2'-deoxyribonucleotide metabolic process	2041
2190	GO:0061919	P	process utilizing autophagic mechanism	2035
2191	GO:0072344	P	rescue of stalled cytosolic ribosome	2035
2192	GO:0022407	P	regulation of cell-cell adhesion	2025
2193	GO:0006914	P	autophagy	2024
2194	GO:0045088	P	regulation of innate immune response	2016
2195	GO:0000375	P	RNA splicing, via transesterification reactions	2015
2196	GO:0046033	P	AMP metabolic process	2008
2197	GO:0040029	P	epigenetic regulation of gene expression	2004
2198	GO:0006298	P	mismatch repair	2000
2199	GO:0019674	P	NAD+ metabolic process	1998
2200	GO:0034309	P	primary alcohol biosynthetic process	1990
2201	GO:0031349	P	positive regulation of defense response	1989
2202	GO:0000377	P	RNA splicing, via transesterification reactions with bulged adenosine as nucleophile	1987
2203	GO:0006772	P	thiamine metabolic process	1985
2204	GO:0070201	P	regulation of establishment of protein localization	1984
2205	GO:0052553	P	symbiont-mediated perturbation of host immune response	1973
2206	GO:0007507	P	heart development	1971
2207	GO:0016050	P	vesicle organization	1970
2208	GO:0048589	P	developmental growth	1967
2209	GO:0070848	P	response to growth factor	1964
2210	GO:0046500	P	S-adenosylmethionine metabolic process	1956
2211	GO:0003013	P	circulatory system process	1954
2212	GO:0043009	P	chordate embryonic development	1947
2213	GO:0098609	P	cell-cell adhesion	1943
2214	GO:0043410	P	positive regulation of MAPK cascade	1936
2215	GO:0000398	P	mRNA splicing, via spliceosome	1936
2216	GO:0007169	P	cell surface receptor protein tyrosine kinase signaling pathway	1936
2217	GO:0045786	P	negative regulation of cell cycle	1933
2218	GO:0006144	P	purine nucleobase metabolic process	1923
2219	GO:0006122	P	mitochondrial electron transport, ubiquinol to cytochrome c	1920
2220	GO:1903829	P	positive regulation of protein localization	1920
2221	GO:0051156	P	glucose 6-phosphate metabolic process	1905
2222	GO:0009611	P	response to wounding	1899
2223	GO:0019216	P	regulation of lipid metabolic process	1897
2224	GO:0051249	P	regulation of lymphocyte activation	1894
2225	GO:0009101	P	glycoprotein biosynthetic process	1893
2226	GO:0031123	P	RNA 3'-end processing	1888
2227	GO:0031647	P	regulation of protein stability	1879
2228	GO:1903046	P	meiotic cell cycle process	1879
2229	GO:0043254	P	regulation of protein-containing complex assembly	1875
2230	GO:0120031	P	plasma membrane bounded cell projection assembly	1873
2231	GO:0009228	P	thiamine biosynthetic process	1873
2232	GO:0006551	P	L-leucine metabolic process	1872
2233	GO:0001819	P	positive regulation of cytokine production	1867
2234	GO:0046349	P	amino sugar biosynthetic process	1867
2235	GO:0018205	P	peptidyl-lysine modification	1866
2236	GO:0022604	P	regulation of cell morphogenesis	1865
2237	GO:0009200	P	deoxyribonucleoside triphosphate metabolic process	1863
2238	GO:0000966	P	RNA 5'-end processing	1858
2239	GO:0006739	P	NADP+ metabolic process	1856
2240	GO:0042391	P	regulation of membrane potential	1855
2241	GO:0008283	P	cell population proliferation	1854
2242	GO:0071363	P	cellular response to growth factor stimulus	1850
2243	GO:0006814	P	sodium ion transport	1850
2244	GO:0006544	P	glycine metabolic process	1849
2245	GO:0050790	P	regulation of catalytic activity	1848
2246	GO:0043434	P	response to peptide hormone	1848
2247	GO:0099536	P	synaptic signaling	1847
2248	GO:0052562	P	symbiont-mediated suppression of host immune response	1843
2249	GO:0006167	P	AMP biosynthetic process	1841
2250	GO:0042278	P	purine nucleoside metabolic process	1821
2251	GO:0043101	P	purine-containing compound salvage	1820
2252	GO:0046164	P	alcohol catabolic process	1819
2253	GO:0009267	P	cellular response to starvation	1811
2254	GO:0008202	P	steroid metabolic process	1808
2255	GO:0000028	P	ribosomal small subunit assembly	1805
2256	GO:0052167	P	symbiont-mediated perturbation of host innate immune response	1804
2257	GO:0051960	P	regulation of nervous system development	1803
2258	GO:0051223	P	regulation of protein transport	1801
2259	GO:0046365	P	monosaccharide catabolic process	1798
2260	GO:0071805	P	potassium ion transmembrane transport	1796
2261	GO:0061061	P	muscle structure development	1794
2262	GO:0048667	P	cell morphogenesis involved in neuron differentiation	1789
2263	GO:0044406	P	adhesion of symbiont to host	1784
2264	GO:0002009	P	morphogenesis of an epithelium	1779
2265	GO:0051656	P	establishment of organelle localization	1777
2266	GO:0019363	P	pyridine nucleotide biosynthetic process	1775
2267	GO:0019359	P	nicotinamide nucleotide biosynthetic process	1773
2268	GO:0009208	P	pyrimidine ribonucleoside triphosphate metabolic process	1772
2269	GO:0009098	P	L-leucine biosynthetic process	1770
2270	GO:0051051	P	negative regulation of transport	1768
2271	GO:0006865	P	amino acid transport	1766
2272	GO:0006352	P	DNA-templated transcription initiation	1766
2273	GO:0140053	P	mitochondrial gene expression	1765
2274	GO:1903311	P	regulation of mRNA metabolic process	1762
2275	GO:0008015	P	blood circulation	1759
2276	GO:0046036	P	CTP metabolic process	1759
2277	GO:0032970	P	regulation of actin filament-based process	1758
2278	GO:0048880	P	sensory system development	1757
2279	GO:0052170	P	symbiont-mediated suppression of host innate immune response	1755
2280	GO:0009119	P	ribonucleoside metabolic process	1754
2281	GO:0019221	P	cytokine-mediated signaling pathway	1754
2282	GO:0006415	P	translational termination	1753
2283	GO:0009209	P	pyrimidine ribonucleoside triphosphate biosynthetic process	1750
2284	GO:0045785	P	positive regulation of cell adhesion	1749
2285	GO:0006241	P	CTP biosynthetic process	1748
2286	GO:0035999	P	tetrahydrofolate interconversion	1741
2287	GO:0016236	P	macroautophagy	1739
2288	GO:0009219	P	pyrimidine deoxyribonucleotide metabolic process	1738
2289	GO:0006954	P	inflammatory response	1737
2290	GO:0065002	P	intracellular protein transmembrane transport	1732
2291	GO:0019079	P	viral genome replication	1730
2292	GO:0044650	P	adhesion of symbiont to host cell	1727
2293	GO:0000272	P	polysaccharide catabolic process	1724
2294	GO:0032506	P	cytokinetic process	1718
2295	GO:0070482	P	response to oxygen levels	1717
2296	GO:0042357	P	thiamine diphosphate metabolic process	1715
2297	GO:0009229	P	thiamine diphosphate biosynthetic process	1713
2298	GO:0150063	P	visual system development	1711
2299	GO:0051169	P	nuclear transport	1708
2300	GO:0006913	P	nucleocytoplasmic transport	1705
2301	GO:0046385	P	deoxyribose phosphate biosynthetic process	1705
2302	GO:0009265	P	2'-deoxyribonucleotide biosynthetic process	1705
2303	GO:0098813	P	nuclear chromosome segregation	1703
2304	GO:1902903	P	regulation of supramolecular fiber organization	1701
2305	GO:0044782	P	cilium organization	1701
2306	GO:0001654	P	eye development	1701
2307	GO:0061564	P	axon development	1686
2308	GO:0006518	P	peptide metabolic process	1681
2309	GO:0099537	P	trans-synaptic signaling	1681
2310	GO:0032535	P	regulation of cellular component size	1679
2311	GO:0010975	P	regulation of neuron projection development	1678
2312	GO:0010948	P	negative regulation of cell cycle process	1677
2313	GO:0009311	P	oligosaccharide metabolic process	1676
2314	GO:0015748	P	organophosphate ester transport	1675
2315	GO:0046184	P	aldehyde biosynthetic process	1674
2316	GO:0007015	P	actin filament organization	1674
2317	GO:0002099	P	tRNA wobble guanine modification	1673
2318	GO:0010720	P	positive regulation of cell development	1671
2319	GO:0008643	P	carbohydrate transport	1669
2320	GO:0034762	P	regulation of transmembrane transport	1668
2321	GO:0008653	P	lipopolysaccharide metabolic process	1666
2322	GO:0060627	P	regulation of vesicle-mediated transport	1664
2323	GO:0009221	P	pyrimidine deoxyribonucleotide biosynthetic process	1663
2324	GO:0042176	P	regulation of protein catabolic process	1662
2325	GO:0043269	P	regulation of monoatomic ion transport	1659
2326	GO:0001558	P	regulation of cell growth	1655
2327	GO:1901990	P	regulation of mitotic cell cycle phase transition	1650
2328	GO:0015931	P	nucleobase-containing compound transport	1644
2329	GO:0016310	P	phosphorylation	1640
2330	GO:0030490	P	maturation of SSU-rRNA	1640
2331	GO:0009103	P	lipopolysaccharide biosynthetic process	1635
2332	GO:0019627	P	urea metabolic process	1630
2333	GO:0009895	P	negative regulation of catabolic process	1629
2334	GO:0072657	P	protein localization to membrane	1628
2335	GO:0031163	P	metallo-sulfur cluster assembly	1626
2336	GO:0016226	P	iron-sulfur cluster assembly	1625
2337	GO:0009211	P	pyrimidine deoxyribonucleoside triphosphate metabolic process	1625
2338	GO:0001539	P	cilium or flagellum-dependent cell motility	1621
2339	GO:0048568	P	embryonic organ development	1621
2340	GO:0007188	P	adenylate cyclase-modulating G protein-coupled receptor signaling pathway	1621
2341	GO:0016197	P	endosomal transport	1620
2342	GO:0006515	P	protein quality control for misfolded or incompletely synthesized proteins	1616
2343	GO:0071616	P	acyl-CoA biosynthetic process	1612
2344	GO:0001944	P	vasculature development	1611
2345	GO:0010639	P	negative regulation of organelle organization	1608
2346	GO:2000241	P	regulation of reproductive process	1605
2347	GO:0019062	P	virion attachment to host cell	1596
2348	GO:0017148	P	negative regulation of translation	1595
2349	GO:0032956	P	regulation of actin cytoskeleton organization	1592
2350	GO:0007268	P	chemical synaptic transmission	1591
2351	GO:0098916	P	anterograde trans-synaptic signaling	1591
2352	GO:0048638	P	regulation of developmental growth	1589
2353	GO:0008616	P	tRNA queuosine(34) biosynthetic process	1586
2354	GO:0042743	P	hydrogen peroxide metabolic process	1571
2355	GO:0010506	P	regulation of autophagy	1571
2356	GO:0001522	P	pseudouridine synthesis	1570
2357	GO:0002697	P	regulation of immune effector process	1569
2358	GO:0048732	P	gland development	1568
2359	GO:0001501	P	skeletal system development	1566
2360	GO:0002833	P	positive regulation of response to biotic stimulus	1564
2361	GO:1905039	P	carboxylic acid transmembrane transport	1564
2362	GO:0009235	P	cobalamin metabolic process	1564
2363	GO:0006284	P	base-excision repair	1563
2364	GO:0032261	P	purine nucleotide salvage	1562
2365	GO:0034976	P	response to endoplasmic reticulum stress	1560
2366	GO:0046128	P	purine ribonucleoside metabolic process	1559
2367	GO:0042325	P	regulation of phosphorylation	1559
2368	GO:0070681	P	glutaminyl-tRNAGln biosynthesis via transamidation	1559
2369	GO:0002253	P	activation of immune response	1555
2370	GO:0032102	P	negative regulation of response to external stimulus	1554
2371	GO:0015936	P	coenzyme A metabolic process	1548
2372	GO:0000725	P	recombinational repair	1548
2373	GO:0036293	P	response to decreased oxygen levels	1545
2374	GO:0060271	P	cilium assembly	1544
2375	GO:0000160	P	phosphorelay signal transduction system	1541
2376	GO:0045787	P	positive regulation of cell cycle	1540
2377	GO:0045165	P	cell fate commitment	1539
2378	GO:0009070	P	serine family amino acid biosynthetic process	1538
2379	GO:0009236	P	cobalamin biosynthetic process	1535
2380	GO:0046649	P	lymphocyte activation	1531
2381	GO:1903037	P	regulation of leukocyte cell-cell adhesion	1520
2382	GO:0009615	P	response to virus	1507
2383	GO:0001568	P	blood vessel development	1504
2384	GO:0002252	P	immune effector process	1502
2385	GO:0036265	P	RNA (guanine-N7)-methylation	1501
2386	GO:0006898	P	receptor-mediated endocytosis	1500
2387	GO:0050863	P	regulation of T cell activation	1498
2388	GO:0021700	P	developmental maturation	1492
2389	GO:0051047	P	positive regulation of secretion	1491
2390	GO:0030258	P	lipid modification	1490
2391	GO:0042744	P	hydrogen peroxide catabolic process	1486
2392	GO:0098739	P	import across plasma membrane	1486
2393	GO:0003333	P	amino acid transmembrane transport	1485
2394	GO:0006970	P	response to osmotic stress	1482
2395	GO:0050727	P	regulation of inflammatory response	1480
2396	GO:0061025	P	membrane fusion	1480
2397	GO:0034227	P	tRNA thio-modification	1480
2398	GO:0042816	P	vitamin B6 metabolic process	1479
2399	GO:0001666	P	response to hypoxia	1471
2400	GO:0046174	P	polyol catabolic process	1469
2401	GO:0050767	P	regulation of neurogenesis	1468
2402	GO:0009755	P	hormone-mediated signaling pathway	1460
2403	GO:0007409	P	axonogenesis	1456
2404	GO:0042819	P	vitamin B6 biosynthetic process	1454
2405	GO:0015937	P	coenzyme A biosynthetic process	1448
2406	GO:0009250	P	glucan biosynthetic process	1441
2407	GO:0034219	P	carbohydrate transmembrane transport	1438
2408	GO:0031346	P	positive regulation of cell projection organization	1436
2409	GO:0045727	P	positive regulation of translation	1434
2410	GO:0006289	P	nucleotide-excision repair	1433
2411	GO:0050667	P	homocysteine metabolic process	1427
2412	GO:0007033	P	vacuole organization	1425
2413	GO:0006275	P	regulation of DNA replication	1425
2414	GO:1901654	P	response to ketone	1424
2415	GO:0034614	P	cellular response to reactive oxygen species	1420
2416	GO:0015718	P	monocarboxylic acid transport	1416
2417	GO:0007606	P	sensory perception of chemical stimulus	1413
2418	GO:0001932	P	regulation of protein phosphorylation	1402
2419	GO:0016485	P	protein processing	1401
2420	GO:0045814	P	negative regulation of gene expression, epigenetic	1400
2421	GO:0050808	P	synapse organization	1398
2422	GO:0141060	P	disruption of anatomical structure in another organism	1385
2423	GO:0000027	P	ribosomal large subunit assembly	1385
2424	GO:0090529	P	cell septum assembly	1380
2425	GO:0052027	P	symbiont-mediated perturbation of host signal transduction pathway	1379
2426	GO:0035725	P	sodium ion transmembrane transport	1376
2427	GO:0050878	P	regulation of body fluid levels	1375
2428	GO:0022413	P	reproductive process in single-celled organism	1373
2429	GO:0010959	P	regulation of metal ion transport	1371
2430	GO:0043487	P	regulation of RNA stability	1371
2431	GO:0009157	P	deoxyribonucleoside monophosphate biosynthetic process	1369
2432	GO:0000097	P	sulfur amino acid biosynthetic process	1368
2433	GO:0002764	P	immune response-regulating signaling pathway	1368
2434	GO:0106380	P	purine ribonucleotide salvage	1368
2435	GO:0050906	P	detection of stimulus involved in sensory perception	1365
2436	GO:0006112	P	energy reserve metabolic process	1363
2437	GO:0008360	P	regulation of cell shape	1359
2438	GO:0031401	P	positive regulation of protein modification process	1358
2439	GO:0030100	P	regulation of endocytosis	1358
2440	GO:0008614	P	pyridoxine metabolic process	1357
2441	GO:0000724	P	double-strand break repair via homologous recombination	1355
2442	GO:0032543	P	mitochondrial translation	1353
2443	GO:1901988	P	negative regulation of cell cycle phase transition	1349
2444	GO:0009074	P	aromatic amino acid catabolic process	1348
2445	GO:0099402	P	plant organ development	1345
2446	GO:1903532	P	positive regulation of secretion by cell	1344
2447	GO:0044093	P	positive regulation of molecular function	1341
2448	GO:0045089	P	positive regulation of innate immune response	1338
2449	GO:0002237	P	response to molecule of bacterial origin	1334
2450	GO:0009435	P	NAD+ biosynthetic process	1334
2451	GO:0071692	P	protein localization to extracellular region	1331
2452	GO:0017004	P	cytochrome complex assembly	1331
2453	GO:0170043	P	non-proteinogenic amino acid biosynthetic process	1330
2454	GO:0002521	P	leukocyte differentiation	1329
2455	GO:0042445	P	hormone metabolic process	1329
2456	GO:0071466	P	cellular response to xenobiotic stimulus	1327
2457	GO:0071375	P	cellular response to peptide hormone stimulus	1326
2458	GO:0050803	P	regulation of synapse structure or activity	1322
2459	GO:0006816	P	calcium ion transport	1320
2460	GO:1903706	P	regulation of hemopoiesis	1320
2461	GO:2001233	P	regulation of apoptotic signaling pathway	1318
2462	GO:0140013	P	meiotic nuclear division	1315
2463	GO:0006047	P	UDP-N-acetylglucosamine metabolic process	1315
2464	GO:0007034	P	vacuolar transport	1313
2465	GO:0140014	P	mitotic nuclear division	1312
2466	GO:0009249	P	protein lipoylation	1311
2467	GO:0048511	P	rhythmic process	1306
2468	GO:0007163	P	establishment or maintenance of cell polarity	1305
2469	GO:0015939	P	pantothenate metabolic process	1304
2470	GO:1901661	P	quinone metabolic process	1303
2471	GO:0048545	P	response to steroid hormone	1298
2472	GO:0045927	P	positive regulation of growth	1293
2473	GO:1901663	P	quinone biosynthetic process	1284
2474	GO:0006468	P	protein phosphorylation	1283
2475	GO:0005977	P	glycogen metabolic process	1283
2476	GO:0050867	P	positive regulation of cell activation	1280
2477	GO:0052029	P	symbiont-mediated suppression of host signal transduction pathway	1278
2478	GO:0015977	P	carbon fixation	1276
2479	GO:0015940	P	pantothenate biosynthetic process	1276
2480	GO:0006743	P	ubiquinone metabolic process	1274
2481	GO:0006109	P	regulation of carbohydrate metabolic process	1274
2482	GO:0001101	P	response to acid chemical	1266
2483	GO:0009113	P	purine nucleobase biosynthetic process	1266
2484	GO:0050807	P	regulation of synapse organization	1265
2485	GO:0006744	P	ubiquinone biosynthetic process	1262
2486	GO:0032886	P	regulation of microtubule-based process	1262
2487	GO:0006820	P	monoatomic anion transport	1260
2488	GO:0042777	P	proton motive force-driven plasma membrane ATP synthesis	1259
2489	GO:0009593	P	detection of chemical stimulus	1256
2490	GO:0019954	P	asexual reproduction	1256
2491	GO:0033353	P	L-methionine cycle	1255
2492	GO:1901264	P	carbohydrate derivative transport	1253
2493	GO:0006959	P	humoral immune response	1250
2494	GO:0015988	P	energy coupled proton transmembrane transport, against electrochemical gradient	1248
2495	GO:0009202	P	deoxyribonucleoside triphosphate biosynthetic process	1248
2496	GO:0050890	P	cognition	1246
2497	GO:0015990	P	electron transport coupled proton transport	1246
2498	GO:0050678	P	regulation of epithelial cell proliferation	1245
2499	GO:0048514	P	blood vessel morphogenesis	1245
2500	GO:0070828	P	heterochromatin organization	1244
2501	GO:0050821	P	protein stabilization	1243
2502	GO:0019080	P	viral gene expression	1243
2503	GO:0009212	P	pyrimidine deoxyribonucleoside triphosphate biosynthetic process	1242
2504	GO:0030111	P	regulation of Wnt signaling pathway	1239
2505	GO:0090068	P	positive regulation of cell cycle process	1236
2506	GO:0007548	P	sex differentiation	1235
2507	GO:0007162	P	negative regulation of cell adhesion	1231
2508	GO:0051205	P	protein insertion into membrane	1231
2509	GO:0030900	P	forebrain development	1229
2510	GO:0006740	P	NADPH regeneration	1227
2511	GO:0002757	P	immune response-activating signaling pathway	1221
2512	GO:0002696	P	positive regulation of leukocyte activation	1218
2513	GO:0006768	P	biotin metabolic process	1213
2514	GO:0043010	P	camera-type eye development	1202
2515	GO:0009102	P	biotin biosynthetic process	1202
2516	GO:0043043	P	peptide biosynthetic process	1201
2517	GO:0007051	P	spindle organization	1192
2518	GO:0031507	P	heterochromatin formation	1190
2519	GO:0055074	P	calcium ion homeostasis	1189
2520	GO:0006098	P	pentose-phosphate shunt	1188
2521	GO:0098656	P	monoatomic anion transmembrane transport	1188
2522	GO:0070663	P	regulation of leukocyte proliferation	1187
2523	GO:0006048	P	UDP-N-acetylglucosamine biosynthetic process	1185
2524	GO:0050830	P	defense response to Gram-positive bacterium	1183
2525	GO:0009099	P	L-valine biosynthetic process	1183
2526	GO:0046883	P	regulation of hormone secretion	1181
2527	GO:0032496	P	response to lipopolysaccharide	1181
2528	GO:0050708	P	regulation of protein secretion	1181
2529	GO:0035592	P	establishment of protein localization to extracellular region	1181
2530	GO:0006403	P	RNA localization	1179
2531	GO:0015850	P	organic hydroxy compound transport	1178
2532	GO:0031119	P	tRNA pseudouridine synthesis	1177
2533	GO:0016125	P	sterol metabolic process	1175
2534	GO:0007292	P	female gamete generation	1175
2535	GO:0000819	P	sister chromatid segregation	1173
2536	GO:0009176	P	pyrimidine deoxyribonucleoside monophosphate metabolic process	1170
2537	GO:0019320	P	hexose catabolic process	1169
2538	GO:0019068	P	virion assembly	1169
2539	GO:0030705	P	cytoskeleton-dependent intracellular transport	1168
2540	GO:0071695	P	anatomical structure maturation	1167
2541	GO:0009306	P	protein secretion	1167
2542	GO:0071824	P	protein-DNA complex organization	1165
2543	GO:0042542	P	response to hydrogen peroxide	1164
2544	GO:0022409	P	positive regulation of cell-cell adhesion	1162
2545	GO:0051189	P	prosthetic group metabolic process	1162
2546	GO:0019405	P	alditol catabolic process	1161
2547	GO:0051260	P	protein homooligomerization	1157
2548	GO:0009062	P	fatty acid catabolic process	1155
2549	GO:0008615	P	pyridoxine biosynthetic process	1153
2550	GO:0018958	P	phenol-containing compound metabolic process	1151
2551	GO:0061013	P	regulation of mRNA catabolic process	1150
2552	GO:0009177	P	pyrimidine deoxyribonucleoside monophosphate biosynthetic process	1146
2553	GO:1904951	P	positive regulation of establishment of protein localization	1145
2554	GO:0051168	P	nuclear export	1144
2555	GO:0045930	P	negative regulation of mitotic cell cycle	1138
2556	GO:0033108	P	mitochondrial respiratory chain complex assembly	1133
2557	GO:0051607	P	defense response to virus	1131
2558	GO:0033044	P	regulation of chromosome organization	1130
2559	GO:0072001	P	renal system development	1130
2560	GO:0046890	P	regulation of lipid biosynthetic process	1130
2561	GO:0090596	P	sensory organ morphogenesis	1130
2562	GO:0051962	P	positive regulation of nervous system development	1129
2563	GO:0110053	P	regulation of actin filament organization	1128
2564	GO:0055088	P	lipid homeostasis	1126
2565	GO:1902850	P	microtubule cytoskeleton organization involved in mitosis	1123
2566	GO:0046037	P	GMP metabolic process	1123
2567	GO:1903131	P	mononuclear cell differentiation	1120
2568	GO:0040013	P	negative regulation of locomotion	1114
2569	GO:0052646	P	alditol phosphate metabolic process	1114
2570	GO:0051251	P	positive regulation of lymphocyte activation	1113
2571	GO:1902115	P	regulation of organelle assembly	1113
2572	GO:0046083	P	adenine metabolic process	1112
2573	GO:0009133	P	nucleoside diphosphate biosynthetic process	1112
2574	GO:0033500	P	carbohydrate homeostasis	1111
2575	GO:0006879	P	intracellular iron ion homeostasis	1111
2576	GO:0046386	P	deoxyribose phosphate catabolic process	1110
2577	GO:0032944	P	regulation of mononuclear cell proliferation	1108
2578	GO:0007611	P	learning or memory	1107
2579	GO:0000209	P	protein polyubiquitination	1107
2580	GO:0034765	P	regulation of monoatomic ion transmembrane transport	1106
2581	GO:0000070	P	mitotic sister chromatid segregation	1106
2582	GO:0006826	P	iron ion transport	1103
2583	GO:0042692	P	muscle cell differentiation	1103
2584	GO:1901342	P	regulation of vasculature development	1102
2585	GO:0099111	P	microtubule-based transport	1101
2586	GO:0070372	P	regulation of ERK1 and ERK2 cascade	1101
2587	GO:0019321	P	pentose metabolic process	1100
2588	GO:0031348	P	negative regulation of defense response	1099
2589	GO:0043122	P	regulation of canonical NF-kappaB signal transduction	1097
2590	GO:0090257	P	regulation of muscle system process	1096
2591	GO:1903522	P	regulation of blood circulation	1096
2592	GO:0006071	P	glycerol metabolic process	1096
2593	GO:0006354	P	DNA-templated transcription elongation	1094
2594	GO:0034329	P	cell junction assembly	1091
2595	GO:0051054	P	positive regulation of DNA metabolic process	1088
2596	GO:0050670	P	regulation of lymphocyte proliferation	1088
2597	GO:0003012	P	muscle system process	1087
2598	GO:0032324	P	molybdopterin cofactor biosynthetic process	1084
2599	GO:0043545	P	molybdopterin cofactor metabolic process	1084
2600	GO:0006777	P	Mo-molybdopterin cofactor biosynthetic process	1080
2601	GO:0019720	P	Mo-molybdopterin cofactor metabolic process	1080
2602	GO:1901705	P	L-isoleucine biosynthetic process	1080
2603	GO:0003018	P	vascular process in circulatory system	1079
2604	GO:0051056	P	regulation of small GTPase mediated signal transduction	1078
2605	GO:1902652	P	secondary alcohol metabolic process	1077
2606	GO:0006546	P	glycine catabolic process	1077
2607	GO:0043137	P	DNA replication, removal of RNA primer	1077
2608	GO:0015669	P	gas transport	1077
2609	GO:0042593	P	glucose homeostasis	1075
2610	GO:0043523	P	regulation of neuron apoptotic process	1074
2611	GO:0032386	P	regulation of intracellular transport	1074
2612	GO:1990778	P	protein localization to cell periphery	1073
2613	GO:0009312	P	oligosaccharide biosynthetic process	1072
2614	GO:0045765	P	regulation of angiogenesis	1071
2615	GO:0044706	P	multi-multicellular organism process	1069
2616	GO:0090287	P	regulation of cellular response to growth factor stimulus	1069
2617	GO:0019464	P	glycine decarboxylation via glycine cleavage system	1068
2618	GO:0043488	P	regulation of mRNA stability	1068
2619	GO:0042060	P	wound healing	1068
2620	GO:0048515	P	spermatid differentiation	1067
2621	GO:0060537	P	muscle tissue development	1067
2622	GO:0001172	P	RNA-templated transcription	1066
2623	GO:0006560	P	L-proline metabolic process	1063
2624	GO:0044209	P	AMP salvage	1063
2625	GO:0039663	P	membrane fusion involved in viral entry into host cell	1060
2626	GO:0050907	P	detection of chemical stimulus involved in sensory perception	1060
2627	GO:0046677	P	response to antibiotic	1060
2628	GO:0030099	P	myeloid cell differentiation	1057
2629	GO:0043085	P	positive regulation of catalytic activity	1057
2630	GO:0006282	P	regulation of DNA repair	1057
2631	GO:0006367	P	transcription initiation at RNA polymerase II promoter	1055
2632	GO:0006874	P	intracellular calcium ion homeostasis	1052
2633	GO:0046794	P	transport of virus	1052
2634	GO:0001822	P	kidney development	1051
2635	GO:0001906	P	cell killing	1051
2636	GO:0034440	P	lipid oxidation	1051
2637	GO:0070588	P	calcium ion transmembrane transport	1046
2638	GO:0043244	P	regulation of protein-containing complex disassembly	1045
2639	GO:0007189	P	adenylate cyclase-activating G protein-coupled receptor signaling pathway	1045
2640	GO:0060562	P	epithelial tube morphogenesis	1044
2641	GO:0000075	P	cell cycle checkpoint signaling	1043
2642	GO:0006997	P	nucleus organization	1041
2643	GO:2000146	P	negative regulation of cell motility	1040
2644	GO:0050829	P	defense response to Gram-negative bacterium	1038
2645	GO:0042110	P	T cell activation	1038
2646	GO:0006541	P	L-glutamine metabolic process	1038
2647	GO:0051703	P	biological process involved in intraspecies interaction between organisms	1036
2648	GO:0007286	P	spermatid development	1033
2649	GO:0060491	P	regulation of cell projection assembly	1030
2650	GO:0006887	P	exocytosis	1029
2651	GO:0009743	P	response to carbohydrate	1027
2652	GO:0051896	P	regulation of phosphatidylinositol 3-kinase/protein kinase B signal transduction	1027
2653	GO:0044210	P	'de novo' CTP biosynthetic process	1027
2654	GO:0006353	P	DNA-templated transcription termination	1025
2655	GO:1901888	P	regulation of cell junction assembly	1024
2656	GO:0051222	P	positive regulation of protein transport	1024
2657	GO:1902105	P	regulation of leukocyte differentiation	1024
2658	GO:0065004	P	protein-DNA complex assembly	1024
2659	GO:0045926	P	negative regulation of growth	1022
2660	GO:0120254	P	olefinic compound metabolic process	1021
2661	GO:0016101	P	diterpenoid metabolic process	1021
2662	GO:0007623	P	circadian rhythm	1020
2663	GO:0009952	P	anterior/posterior pattern specification	1020
2664	GO:0015671	P	oxygen transport	1019
2665	GO:0051302	P	regulation of cell division	1018
2666	GO:1904062	P	regulation of monoatomic cation transmembrane transport	1018
2667	GO:0048562	P	embryonic organ morphogenesis	1015
2668	GO:0009138	P	pyrimidine nucleoside diphosphate metabolic process	1014
2669	GO:0039694	P	viral RNA genome replication	1011
2670	GO:0001818	P	negative regulation of cytokine production	1010
2671	GO:1901659	P	glycosyl compound biosynthetic process	1009
2672	GO:0009620	P	response to fungus	1007
2673	GO:0034504	P	protein localization to nucleus	1005
2674	GO:0097485	P	neuron projection guidance	1000
2675	GO:0071478	P	cellular response to radiation	999
2676	GO:0061982	P	meiosis I cell cycle process	998
2677	GO:0014706	P	striated muscle tissue development	997
2678	GO:0042726	P	flavin-containing compound metabolic process	996
2679	GO:0048872	P	homeostasis of number of cells	995
2680	GO:0050657	P	nucleic acid transport	995
2681	GO:0002183	P	cytoplasmic translational initiation	995
2682	GO:0043062	P	extracellular structure organization	994
2683	GO:0000956	P	nuclear-transcribed mRNA catabolic process	994
2684	GO:0002699	P	positive regulation of immune effector process	993
2685	GO:0017038	P	protein import	992
2686	GO:0007411	P	axon guidance	991
2687	GO:0055129	P	L-proline biosynthetic process	990
2688	GO:0048469	P	cell maturation	990
2689	GO:0006084	P	acetyl-CoA metabolic process	990
2690	GO:0009139	P	pyrimidine nucleoside diphosphate biosynthetic process	990
2691	GO:0072348	P	sulfur compound transport	988
2692	GO:2000142	P	regulation of DNA-templated transcription initiation	987
2693	GO:0007264	P	small GTPase-mediated signal transduction	987
2694	GO:0042727	P	flavin-containing compound biosynthetic process	985
2695	GO:0051338	P	regulation of transferase activity	985
2696	GO:0030522	P	intracellular receptor signaling pathway	984
2697	GO:0042822	P	pyridoxal 5'-phosphate metabolic process	984
2698	GO:0015914	P	phospholipid transport	983
2699	GO:0006805	P	xenobiotic metabolic process	982
2700	GO:0016049	P	cell growth	982
2701	GO:0042157	P	lipoprotein metabolic process	981
2702	GO:0045937	P	positive regulation of phosphate metabolic process	981
2703	GO:0048284	P	organelle fusion	981
2704	GO:0097190	P	apoptotic signaling pathway	980
2705	GO:0042780	P	tRNA 3'-end processing	980
2706	GO:0051236	P	establishment of RNA localization	979
2707	GO:0006424	P	glutamyl-tRNA aminoacylation	979
2708	GO:0002143	P	tRNA wobble position uridine thiolation	979
2709	GO:0042823	P	pyridoxal 5'-phosphate biosynthetic process	976
2710	GO:0030198	P	extracellular matrix organization	974
2711	GO:0050658	P	RNA transport	973
2712	GO:0008544	P	epidermis development	970
2713	GO:0005984	P	disaccharide metabolic process	968
2714	GO:0032784	P	regulation of DNA-templated transcription elongation	968
2715	GO:0015908	P	fatty acid transport	966
2716	GO:0019395	P	fatty acid oxidation	965
2717	GO:0009767	P	photosynthetic electron transport chain	964
2718	GO:0042327	P	positive regulation of phosphorylation	962
2719	GO:0043335	P	protein unfolding	961
2720	GO:1903039	P	positive regulation of leukocyte cell-cell adhesion	961
2721	GO:0000165	P	MAPK cascade	959
2722	GO:0019563	P	glycerol catabolic process	958
2723	GO:0006885	P	regulation of pH	956
2724	GO:0032868	P	response to insulin	956
2725	GO:0006072	P	glycerol-3-phosphate metabolic process	955
2726	GO:0120252	P	hydrocarbon metabolic process	954
2727	GO:0061640	P	cytoskeleton-dependent cytokinesis	951
2728	GO:0002768	P	immune response-regulating cell surface receptor signaling pathway	951
2729	GO:0001525	P	angiogenesis	949
2730	GO:0010970	P	transport along microtubule	948
2731	GO:0050769	P	positive regulation of neurogenesis	947
2732	GO:0010721	P	negative regulation of cell development	945
2733	GO:0046075	P	dTTP metabolic process	945
2734	GO:0002703	P	regulation of leukocyte mediated immunity	944
2735	GO:0090087	P	regulation of peptide transport	941
2736	GO:0044770	P	cell cycle phase transition	941
2737	GO:0006420	P	arginyl-tRNA aminoacylation	939
2738	GO:0006235	P	dTTP biosynthetic process	938
2739	GO:0006888	P	endoplasmic reticulum to Golgi vesicle-mediated transport	935
2740	GO:0060828	P	regulation of canonical Wnt signaling pathway	934
2741	GO:0032271	P	regulation of protein polymerization	933
2742	GO:0019685	P	photosynthesis, dark reaction	933
2743	GO:0003341	P	cilium movement	931
2744	GO:0060326	P	cell chemotaxis	930
2745	GO:0030336	P	negative regulation of cell migration	929
2746	GO:0045137	P	development of primary sexual characteristics	927
2747	GO:0048477	P	oogenesis	926
2748	GO:0001701	P	in utero embryonic development	920
2749	GO:0006771	P	riboflavin metabolic process	917
2750	GO:0060560	P	developmental growth involved in morphogenesis	917
2751	GO:0008406	P	gonad development	917
2752	GO:0002791	P	regulation of peptide secretion	917
2753	GO:0005978	P	glycogen biosynthetic process	917
2754	GO:0170044	P	non-proteinogenic amino acid catabolic process	913
2755	GO:0009231	P	riboflavin biosynthetic process	913
2756	GO:0051262	P	protein tetramerization	912
2757	GO:0050866	P	negative regulation of cell activation	911
2758	GO:0046113	P	nucleobase catabolic process	909
2759	GO:0006665	P	sphingolipid metabolic process	908
2760	GO:0042063	P	gliogenesis	908
2761	GO:0022408	P	negative regulation of cell-cell adhesion	908
2762	GO:0009612	P	response to mechanical stimulus	906
2763	GO:0042537	P	benzene-containing compound metabolic process	906
2764	GO:0048367	P	shoot system development	905
2765	GO:0050920	P	regulation of chemotaxis	904
2766	GO:0090092	P	regulation of transmembrane receptor protein serine/threonine kinase signaling pathway	904
2767	GO:0006270	P	DNA replication initiation	903
2768	GO:0043093	P	FtsZ-dependent cytokinesis	901
2769	GO:1901991	P	negative regulation of mitotic cell cycle phase transition	901
2770	GO:0007127	P	meiosis I	900
2771	GO:0090276	P	regulation of peptide hormone secretion	900
2772	GO:0002250	P	adaptive immune response	899
2773	GO:0046173	P	polyol biosynthetic process	899
2774	GO:0071216	P	cellular response to biotic stimulus	898
2775	GO:0015833	P	peptide transport	897
2776	GO:0045732	P	positive regulation of protein catabolic process	897
2777	GO:0046084	P	adenine biosynthetic process	893
2778	GO:0043952	P	protein transport by the Sec complex	890
2779	GO:1905037	P	autophagosome organization	889
2780	GO:0042129	P	regulation of T cell proliferation	886
2781	GO:0044772	P	mitotic cell cycle phase transition	886
2782	GO:0039656	P	symbiont-mediated perturbation of host gene expression	885
2783	GO:0051053	P	negative regulation of DNA metabolic process	885
2784	GO:0071248	P	cellular response to metal ion	880
2785	GO:0007517	P	muscle organ development	880
2786	GO:0006487	P	protein N-linked glycosylation	880
2787	GO:0035891	P	exit from host cell	877
2788	GO:0000018	P	regulation of DNA recombination	876
2789	GO:0030098	P	lymphocyte differentiation	874
2790	GO:0001934	P	positive regulation of protein phosphorylation	873
2791	GO:0032006	P	regulation of TOR signaling	873
2792	GO:0006694	P	steroid biosynthetic process	869
2793	GO:0050870	P	positive regulation of T cell activation	869
2794	GO:0006432	P	phenylalanyl-tRNA aminoacylation	868
2795	GO:1901873	P	regulation of post-translational protein modification	867
2796	GO:0010565	P	regulation of ketone metabolic process	865
2797	GO:0141061	P	disruption of cell in another organism	865
2798	GO:0031640	P	killing of cells of another organism	865
2799	GO:0051180	P	vitamin transport	864
2800	GO:0006308	P	DNA catabolic process	863
2801	GO:0006595	P	polyamine metabolic process	862
2802	GO:0008361	P	regulation of cell size	861
2803	GO:0071265	P	L-methionine biosynthetic process	859
2804	GO:0000045	P	autophagosome assembly	857
2805	GO:0019722	P	calcium-mediated signaling	857
2806	GO:0032989	P	cellular anatomical entity morphogenesis	857
2807	GO:0010927	P	cellular component assembly involved in morphogenesis	857
2808	GO:0043419	P	urea catabolic process	857
2809	GO:0006936	P	muscle contraction	856
2810	GO:0007029	P	endoplasmic reticulum organization	856
2811	GO:0043549	P	regulation of kinase activity	854
2812	GO:0006612	P	protein targeting to membrane	854
2813	GO:0072529	P	pyrimidine-containing compound catabolic process	851
2814	GO:1903320	P	regulation of protein modification by small protein conjugation or removal	850
2815	GO:0075509	P	endocytosis involved in viral entry into host cell	849
2816	GO:0006635	P	fatty acid beta-oxidation	849
2817	GO:0061136	P	regulation of proteasomal protein catabolic process	847
2818	GO:0072659	P	protein localization to plasma membrane	845
2819	GO:0034605	P	cellular response to heat	844
2820	GO:0045807	P	positive regulation of endocytosis	841
2821	GO:0050000	P	chromosome localization	841
2822	GO:0031047	P	regulatory ncRNA-mediated gene silencing	840
2823	GO:0031334	P	positive regulation of protein-containing complex assembly	839
2824	GO:0002949	P	tRNA threonylcarbamoyladenosine modification	838
2825	GO:0000460	P	maturation of 5.8S rRNA	837
2826	GO:0003007	P	heart morphogenesis	836
2827	GO:0051783	P	regulation of nuclear division	835
2828	GO:0051146	P	striated muscle cell differentiation	834
2829	GO:0002064	P	epithelial cell development	834
2830	GO:0015807	P	L-amino acid transport	834
2831	GO:0019730	P	antimicrobial humoral response	833
2832	GO:0007608	P	sensory perception of smell	833
2833	GO:0035966	P	response to topologically incorrect protein	833
2834	GO:0002695	P	negative regulation of leukocyte activation	833
2835	GO:0007626	P	locomotory behavior	832
2836	GO:0031589	P	cell-substrate adhesion	832
2837	GO:0051924	P	regulation of calcium ion transport	829
2838	GO:0008217	P	regulation of blood pressure	829
2839	GO:0050900	P	leukocyte migration	828
2840	GO:0120032	P	regulation of plasma membrane bounded cell projection assembly	824
2841	GO:0048167	P	regulation of synaptic plasticity	823
2842	GO:0002218	P	activation of innate immune response	822
2843	GO:0021537	P	telencephalon development	822
2844	GO:0043484	P	regulation of RNA splicing	822
2845	GO:0010508	P	positive regulation of autophagy	822
2846	GO:1905952	P	regulation of lipid localization	821
2847	GO:0002443	P	leukocyte mediated immunity	821
2848	GO:0071453	P	cellular response to oxygen levels	821
2849	GO:0045834	P	positive regulation of lipid metabolic process	819
2850	GO:2001293	P	malonyl-CoA metabolic process	818
2851	GO:0009409	P	response to cold	817
2852	GO:0000422	P	autophagy of mitochondrion	816
2853	GO:0046348	P	amino sugar catabolic process	814
2854	GO:0006937	P	regulation of muscle contraction	814
2855	GO:1903828	P	negative regulation of protein localization	813
2856	GO:0097588	P	archaeal or bacterial-type flagellum-dependent cell motility	812
2857	GO:0002685	P	regulation of leukocyte migration	811
2858	GO:0098876	P	vesicle-mediated transport to the plasma membrane	811
2859	GO:0060285	P	cilium-dependent cell motility	809
2860	GO:0002429	P	immune response-activating cell surface receptor signaling pathway	809
2861	GO:0035150	P	regulation of tube size	807
2862	GO:0060485	P	mesenchyme development	805
2863	GO:0007052	P	mitotic spindle organization	802
2864	GO:0062013	P	positive regulation of small molecule metabolic process	802
2865	GO:0009411	P	response to UV	801
2866	GO:0070813	P	hydrogen sulfide metabolic process	801
2867	GO:0072665	P	protein localization to vacuole	800
2868	GO:2001295	P	malonyl-CoA biosynthetic process	799
2869	GO:0000470	P	maturation of LSU-rRNA	797
2870	GO:0044092	P	negative regulation of molecular function	796
2871	GO:0002819	P	regulation of adaptive immune response	796
2872	GO:0030010	P	establishment of cell polarity	796
2873	GO:0070814	P	hydrogen sulfide biosynthetic process	796
2874	GO:0006177	P	GMP biosynthetic process	794
2875	GO:0034764	P	positive regulation of transmembrane transport	794
2876	GO:0009582	P	detection of abiotic stimulus	792
2877	GO:0039657	P	symbiont-mediated suppression of host gene expression	791
2878	GO:0009581	P	detection of external stimulus	790
2879	GO:0071219	P	cellular response to molecule of bacterial origin	790
2880	GO:0071482	P	cellular response to light stimulus	790
2881	GO:0070507	P	regulation of microtubule cytoskeleton organization	790
2882	GO:0051495	P	positive regulation of cytoskeleton organization	788
2883	GO:0000281	P	mitotic cytokinesis	786
2884	GO:0007204	P	positive regulation of cytosolic calcium ion concentration	786
2885	GO:0034284	P	response to monosaccharide	785
2886	GO:0045859	P	regulation of protein kinase activity	785
2887	GO:0023061	P	signal release	784
2888	GO:0043123	P	positive regulation of canonical NF-kappaB signal transduction	784
2889	GO:2001234	P	negative regulation of apoptotic signaling pathway	783
2890	GO:0060249	P	anatomical structure homeostasis	783
2891	GO:1903313	P	positive regulation of mRNA metabolic process	782
2892	GO:1901655	P	cellular response to ketone	781
2893	GO:0070374	P	positive regulation of ERK1 and ERK2 cascade	780
2894	GO:0050832	P	defense response to fungus	779
2895	GO:0016556	P	mRNA modification	779
2896	GO:0006427	P	histidyl-tRNA aminoacylation	777
2897	GO:0072583	P	clathrin-dependent endocytosis	776
2898	GO:0034311	P	diol metabolic process	775
2899	GO:0035296	P	regulation of tube diameter	774
2900	GO:0044208	P	'de novo' AMP biosynthetic process	774
2901	GO:0008016	P	regulation of heart contraction	773
2902	GO:0031400	P	negative regulation of protein modification process	773
2903	GO:0044091	P	membrane biogenesis	773
2904	GO:0009737	P	response to abscisic acid	770
2905	GO:0051897	P	positive regulation of phosphatidylinositol 3-kinase/protein kinase B signal transduction	769
2906	GO:0043270	P	positive regulation of monoatomic ion transport	769
2907	GO:0010810	P	regulation of cell-substrate adhesion	767
2908	GO:0097746	P	blood vessel diameter maintenance	767
2909	GO:0000466	P	maturation of 5.8S rRNA from tricistronic rRNA transcript (SSU-rRNA, 5.8S rRNA, LSU-rRNA)	767
2910	GO:0050953	P	sensory perception of light stimulus	767
2911	GO:0010154	P	fruit development	766
2912	GO:0060541	P	respiratory system development	766
2913	GO:0006839	P	mitochondrial transport	766
2914	GO:0016260	P	L-selenocysteine biosynthetic process	766
2915	GO:0051048	P	negative regulation of secretion	765
2916	GO:0000103	P	sulfate assimilation	764
2917	GO:0048592	P	eye morphogenesis	764
2918	GO:0015909	P	long-chain fatty acid transport	763
2919	GO:0000462	P	maturation of SSU-rRNA from tricistronic rRNA transcript (SSU-rRNA, 5.8S rRNA, LSU-rRNA)	762
2920	GO:0071973	P	bacterial-type flagellum-dependent cell motility	762
2921	GO:0007584	P	response to nutrient	760
2922	GO:0001894	P	tissue homeostasis	760
2923	GO:0006545	P	glycine biosynthetic process	760
2924	GO:0009651	P	response to salt stress	758
2925	GO:0001503	P	ossification	757
2926	GO:0044703	P	multi-organism reproductive process	757
2927	GO:0006801	P	superoxide metabolic process	757
2928	GO:0060294	P	cilium movement involved in cell motility	755
2929	GO:0033559	P	unsaturated fatty acid metabolic process	755
2930	GO:0008277	P	regulation of G protein-coupled receptor signaling pathway	755
2931	GO:0007006	P	mitochondrial membrane organization	755
2932	GO:0002822	P	regulation of adaptive immune response based on somatic recombination of immune receptors built from immunoglobulin superfamily domains	753
2933	GO:0009746	P	response to hexose	753
2934	GO:0051028	P	mRNA transport	753
2935	GO:0019076	P	viral release from host cell	753
2936	GO:0043588	P	skin development	749
2937	GO:0016241	P	regulation of macroautophagy	748
2938	GO:0048639	P	positive regulation of developmental growth	747
2939	GO:0007178	P	cell surface receptor protein serine/threonine kinase signaling pathway	747
2940	GO:0006527	P	L-arginine catabolic process	747
2941	GO:0048736	P	appendage development	745
2942	GO:0017157	P	regulation of exocytosis	745
2943	GO:0051250	P	negative regulation of lymphocyte activation	743
2944	GO:0007093	P	mitotic cell cycle checkpoint signaling	742
2945	GO:0036294	P	cellular response to decreased oxygen levels	740
2946	GO:0140886	P	symbiont-mediated suppression of host interferon-mediated signaling pathway	739
2947	GO:0035967	P	cellular response to topologically incorrect protein	739
2948	GO:0039502	P	symbiont-mediated suppression of host type I interferon-mediated signaling pathway	738
2949	GO:0062207	P	regulation of pattern recognition receptor signaling pathway	738
2950	GO:0006433	P	prolyl-tRNA aminoacylation	738
2951	GO:0006566	P	L-threonine metabolic process	737
2952	GO:1902904	P	negative regulation of supramolecular fiber organization	737
2953	GO:0043467	P	regulation of generation of precursor metabolites and energy	737
2954	GO:0016482	P	cytosolic transport	735
2955	GO:0042770	P	signal transduction in response to DNA damage	735
2956	GO:0015994	P	chlorophyll metabolic process	734
2957	GO:0002700	P	regulation of production of molecular mediator of immune response	733
2958	GO:0006085	P	acetyl-CoA biosynthetic process	733
2959	GO:0075733	P	intracellular transport of virus	733
2960	GO:0002706	P	regulation of lymphocyte mediated immunity	733
2961	GO:0019988	P	charged-tRNA amino acid modification	732
2962	GO:0007601	P	visual perception	732
2963	GO:0019478	P	D-amino acid catabolic process	731
2964	GO:0007218	P	neuropeptide signaling pathway	731
2965	GO:0050777	P	negative regulation of immune response	729
2966	GO:0036503	P	ERAD pathway	728
2967	GO:0006002	P	fructose 6-phosphate metabolic process	728
2968	GO:0071222	P	cellular response to lipopolysaccharide	727
2969	GO:0006749	P	glutathione metabolic process	727
2970	GO:0045637	P	regulation of myeloid cell differentiation	725
2971	GO:0006405	P	RNA export from nucleus	724
2972	GO:0051983	P	regulation of chromosome segregation	724
2973	GO:0090174	P	organelle membrane fusion	723
2974	GO:0071709	P	membrane assembly	723
2975	GO:0030832	P	regulation of actin filament length	722
2976	GO:0031960	P	response to corticosteroid	722
2977	GO:0051494	P	negative regulation of cytoskeleton organization	721
2978	GO:0051174	P	regulation of phosphorus metabolic process	721
2979	GO:0045454	P	cell redox homeostasis	721
2980	GO:0097306	P	cellular response to alcohol	720
2981	GO:0006446	P	regulation of translational initiation	720
2982	GO:0030162	P	regulation of proteolysis	720
2983	GO:0043096	P	purine nucleobase salvage	718
2984	GO:0070646	P	protein modification by small protein removal	718
2985	GO:0046039	P	GTP metabolic process	717
2986	GO:0055001	P	muscle cell development	717
2987	GO:0031099	P	regeneration	717
2988	GO:0008064	P	regulation of actin polymerization or depolymerization	716
2989	GO:0050911	P	detection of chemical stimulus involved in sensory perception of smell	715
2990	GO:0050796	P	regulation of insulin secretion	714
2991	GO:0031570	P	DNA integrity checkpoint signaling	713
2992	GO:0097722	P	sperm motility	712
2993	GO:0009749	P	response to glucose	711
2994	GO:0032869	P	cellular response to insulin stimulus	710
2995	GO:0071383	P	cellular response to steroid hormone stimulus	710
2996	GO:0046755	P	viral budding	710
2997	GO:0009566	P	fertilization	708
2998	GO:0030317	P	flagellated sperm motility	708
2999	GO:0048705	P	skeletal system morphogenesis	708
3000	GO:0110165	C	cellular anatomical structure	392837
3001	GO:0005622	C	intracellular anatomical structure	302927
3002	GO:0005737	C	cytoplasm	264294
3003	GO:0043226	C	organelle	157608
3004	GO:0043229	C	intracellular organelle	154293
3005	GO:0043227	C	membrane-bounded organelle	114020
3006	GO:0016020	C	membrane	112492
3007	GO:0043231	C	intracellular membrane-bounded organelle	110468
3008	GO:0005829	C	cytosol	102668
3009	GO:0032991	C	protein-containing complex	97640
3010	GO:0043228	C	membraneless organelle	77582
3011	GO:0043232	C	intracellular membraneless organelle	76719
3012	GO:0071944	C	cell periphery	71339
3013	GO:0005886	C	plasma membrane	69337
3014	GO:0005634	C	nucleus	53346
3015	GO:0005576	C	extracellular region	42668
3016	GO:1902494	C	catalytic complex	38472
3017	GO:0005840	C	ribosome	35907
3018	GO:0031090	C	organelle membrane	35896
3019	GO:1990904	C	ribonucleoprotein complex	31259
3020	GO:0012505	C	endomembrane system	27991
3021	GO:0031974	C	membrane-enclosed lumen	25477
3022	GO:0043233	C	organelle lumen	25470
3023	GO:0070013	C	intracellular organelle lumen	25464
3024	GO:0044391	C	ribosomal subunit	25187
3025	GO:0005739	C	mitochondrion	22772
3026	GO:0098796	C	membrane protein complex	21423
3027	GO:0031967	C	organelle envelope	20235
3028	GO:0098588	C	bounding membrane of organelle	18706
3029	GO:0031981	C	nuclear lumen	18093
3030	GO:0022626	C	cytosolic ribosome	16183
3031	GO:0009536	C	plastid	16066
3032	GO:0140535	C	intracellular protein-containing complex	15792
3033	GO:0009507	C	chloroplast	15213
3034	GO:0031982	C	vesicle	14874
3035	GO:0015934	C	large ribosomal subunit	14102
3036	GO:0005783	C	endoplasmic reticulum	13710
3037	GO:0005654	C	nucleoplasm	13217
3038	GO:0097708	C	intracellular vesicle	12668
3039	GO:0031410	C	cytoplasmic vesicle	12644
3040	GO:0005856	C	cytoskeleton	12589
3041	GO:0042995	C	cell projection	12368
3042	GO:1990351	C	transporter complex	11726
3043	GO:0005740	C	mitochondrial envelope	11475
3044	GO:1902495	C	transmembrane transporter complex	11460
3045	GO:0120025	C	plasma membrane bounded cell projection	11194
3046	GO:0022625	C	cytosolic large ribosomal subunit	11176
3047	GO:0015935	C	small ribosomal subunit	11098
3048	GO:0005694	C	chromosome	11051
3049	GO:0031966	C	mitochondrial membrane	10792
3050	GO:1990234	C	transferase complex	10666
3051	GO:0031984	C	organelle subcompartment	10652
3052	GO:0140513	C	nuclear protein-containing complex	10636
3053	GO:0030054	C	cell junction	10058
3054	GO:0044217	C	other organism part	9695
3055	GO:0018995	C	host cellular component	9533
3056	GO:0033643	C	host cell part	9370
3057	GO:0005794	C	Golgi apparatus	9048
3058	GO:0019867	C	outer membrane	8988
3059	GO:0042175	C	nuclear outer membrane-endoplasmic reticulum membrane network	8950
3060	GO:0099080	C	supramolecular complex	8904
3061	GO:0098827	C	endoplasmic reticulum subcompartment	8892
3062	GO:0005789	C	endoplasmic reticulum membrane	8843
3063	GO:0098803	C	respiratory chain complex	8657
3064	GO:0019866	C	organelle inner membrane	8643
3065	GO:0098590	C	plasma membrane region	8226
3066	GO:0005743	C	mitochondrial inner membrane	7987
3067	GO:0009579	C	thylakoid	7477
3068	GO:0043656	C	host intracellular region	7247
3069	GO:0033646	C	host intracellular part	7246
3070	GO:0034357	C	photosynthetic membrane	7181
3071	GO:0042651	C	thylakoid membrane	7071
3072	GO:0031968	C	organelle outer membrane	6907
3073	GO:0015630	C	microtubule cytoskeleton	6879
3074	GO:1990204	C	oxidoreductase complex	6875
3075	GO:0045202	C	synapse	6824
3076	GO:0005773	C	vacuole	6729
3077	GO:0043005	C	neuron projection	6235
3078	GO:0005730	C	nucleolus	6053
3079	GO:0030312	C	external encapsulating structure	6047
3080	GO:0012506	C	vesicle membrane	5962
3081	GO:0009526	C	plastid envelope	5955
3082	GO:0000785	C	chromatin	5853
3083	GO:0034702	C	monoatomic ion channel complex	5815
3084	GO:0030659	C	cytoplasmic vesicle membrane	5802
3085	GO:0005768	C	endosome	5793
3086	GO:0042170	C	plastid membrane	5669
3087	GO:0044423	C	virion component	5538
3088	GO:0034703	C	cation channel complex	5530
3089	GO:0033647	C	host intracellular organelle	5452
3090	GO:0033648	C	host intracellular membrane-bounded organelle	5369
3091	GO:0030430	C	host cell cytoplasm	5292
3092	GO:0016469	C	proton-transporting two-sector ATPase complex	5240
3093	GO:0031976	C	plastid thylakoid	5131
3094	GO:0009986	C	cell surface	5083
3095	GO:0009534	C	chloroplast thylakoid	5063
3096	GO:0055035	C	plastid thylakoid membrane	4935
3097	GO:0009535	C	chloroplast thylakoid membrane	4865
3098	GO:0022627	C	cytosolic small ribosomal subunit	4771
3099	GO:0045259	C	proton-transporting ATP synthase complex	4673
3100	GO:0098797	C	plasma membrane protein complex	4596
3101	GO:0005759	C	mitochondrial matrix	4460
3102	GO:0099512	C	supramolecular fiber	4437
3103	GO:0099081	C	supramolecular polymer	4437
3104	GO:0000139	C	Golgi membrane	4210
3105	GO:0036477	C	somatodendritic compartment	4200
3106	GO:0042025	C	host cell nucleus	4162
3107	GO:0000323	C	lytic vacuole	3977
3108	GO:0033644	C	host cell membrane	3973
3109	GO:0005929	C	cilium	3877
3110	GO:0005815	C	microtubule organizing center	3871
3111	GO:0070161	C	anchoring junction	3796
3112	GO:0099503	C	secretory vesicle	3705
3113	GO:0035770	C	ribonucleoprotein granule	3683
3114	GO:0005774	C	vacuolar membrane	3507
3115	GO:0015629	C	actin cytoskeleton	3485
3116	GO:0061695	C	transferase complex, transferring phosphorus-containing groups	3419
3117	GO:0030424	C	axon	3359
3118	GO:0030313	C	cell envelope	3349
3119	GO:1905348	C	endonuclease complex	3338
3120	GO:0098552	C	side of membrane	3328
3121	GO:0048471	C	perinuclear region of cytoplasm	3313
3122	GO:0099513	C	polymeric cytoskeletal fiber	3255
3123	GO:0098794	C	postsynapse	3149
3124	GO:0005938	C	cell cortex	3141
3125	GO:0098793	C	presynapse	3103
3126	GO:0097447	C	dendritic tree	3043
3127	GO:0030425	C	dendrite	3037
3128	GO:0005667	C	transcription regulator complex	3018
3129	GO:0005764	C	lysosome	2974
3130	GO:0016604	C	nuclear body	2974
3131	GO:0010008	C	endosome membrane	2945
3132	GO:0042597	C	periplasmic space	2935
3133	GO:0005635	C	nuclear envelope	2863
3134	GO:0005911	C	cell-cell junction	2827
3135	GO:0044297	C	cell body	2813
3136	GO:0070069	C	cytochrome complex	2788
3137	GO:0043230	C	extracellular organelle	2746
3138	GO:0065010	C	extracellular membrane-bounded organelle	2705
3139	GO:1903561	C	extracellular vesicle	2698
3140	GO:0019028	C	viral capsid	2688
3141	GO:0005813	C	centrosome	2652
3142	GO:1905368	C	peptidase complex	2622
3143	GO:0045177	C	apical part of cell	2567
3144	GO:1905347	C	endodeoxyribonuclease complex	2546
3145	GO:0043025	C	neuronal cell body	2537
3146	GO:0098798	C	mitochondrial protein-containing complex	2521
3147	GO:0033655	C	host cell cytoplasm part	2511
3148	GO:0030141	C	secretory granule	2501
3149	GO:0009521	C	photosystem	2497
3150	GO:0098687	C	chromosomal region	2489
3151	GO:0070062	C	extracellular exosome	2445
3152	GO:0032993	C	protein-DNA complex	2408
3153	GO:0030133	C	transport vesicle	2386
3154	GO:1905369	C	endopeptidase complex	2337
3155	GO:0031012	C	extracellular matrix	2322
3156	GO:0005819	C	spindle	2316
3157	GO:0020002	C	host cell plasma membrane	2245
3158	GO:0005874	C	microtubule	2216
3159	GO:0009295	C	nucleoid	2183
3160	GO:0098978	C	glutamatergic synapse	2181
3161	GO:0042716	C	plasma membrane-derived chromatophore	2174
3162	GO:0055036	C	virion membrane	2161
3163	GO:0030964	C	NADH dehydrogenase complex	2154
3164	GO:0030075	C	bacterial thylakoid	2104
3165	GO:0042717	C	plasma membrane-derived chromatophore membrane	2098
3166	GO:0016324	C	apical plasma membrane	2084
3167	GO:0098791	C	Golgi apparatus subcompartment	2071
3168	GO:0000151	C	ubiquitin ligase complex	2059
3169	GO:0031676	C	plasma membrane-derived thylakoid membrane	2049
3170	GO:0098852	C	lytic vacuole membrane	2047
3171	GO:0009279	C	cell outer membrane	2026
3172	GO:0000502	C	proteasome complex	2024
3173	GO:0043235	C	signaling receptor complex	1964
3174	GO:0097060	C	synaptic membrane	1960
3175	GO:0005769	C	early endosome	1913
3176	GO:0036464	C	cytoplasmic ribonucleoprotein granule	1903
3177	GO:0140168	C	nuclear ribonucleoprotein granule	1843
3178	GO:0000228	C	nuclear chromosome	1817
3179	GO:0042579	C	microbody	1789
3180	GO:0045275	C	respiratory chain complex III	1789
3181	GO:0005777	C	peroxisome	1786
3182	GO:0031252	C	cell leading edge	1783
3183	GO:0005770	C	late endosome	1779
3184	GO:0005741	C	mitochondrial outer membrane	1768
3185	GO:0009523	C	photosystem II	1742
3186	GO:0090575	C	RNA polymerase II transcription regulator complex	1712
3187	GO:0009897	C	external side of plasma membrane	1652
3188	GO:0030684	C	preribosome	1651
3189	GO:0098533	C	ATPase dependent transmembrane transport complex	1634
3190	GO:0016607	C	nuclear speck	1632
3191	GO:0031253	C	cell projection membrane	1627
3192	GO:0000793	C	condensed chromosome	1624
3193	GO:0048476	C	Holliday junction resolvase complex	1621
3194	GO:0030135	C	coated vesicle	1615
3195	GO:0000775	C	chromosome, centromeric region	1570
3196	GO:0031965	C	nuclear membrane	1567
3197	GO:0036338	C	viral membrane	1563
3198	GO:0098984	C	neuron to neuron synapse	1558
3199	GO:0005765	C	lysosomal membrane	1558
3200	GO:0005618	C	cell wall	1556
3201	GO:0032153	C	cell division site	1556
3202	GO:0099572	C	postsynaptic specialization	1552
3203	GO:0005681	C	spliceosomal complex	1546
3204	GO:0098857	C	membrane microdomain	1544
3205	GO:0019031	C	viral envelope	1543
3206	GO:0045121	C	membrane raft	1535
3207	GO:0030427	C	site of polarized growth	1454
3208	GO:0045178	C	basal part of cell	1452
3209	GO:0032279	C	asymmetric synapse	1439
3210	GO:0030139	C	endocytic vesicle	1422
3211	GO:0031514	C	motile cilium	1414
3212	GO:0098562	C	cytoplasmic side of membrane	1403
3213	GO:0045211	C	postsynaptic membrane	1400
3214	GO:0140534	C	endoplasmic reticulum protein-containing complex	1388
3215	GO:0014069	C	postsynaptic density	1377
3216	GO:0150034	C	distal axon	1375
3217	GO:0005802	C	trans-Golgi network	1369
3218	GO:0009925	C	basal plasma membrane	1358
3219	GO:0000313	C	organellar ribosome	1356
3220	GO:0031461	C	cullin-RING ubiquitin ligase complex	1345
3221	GO:0009532	C	plastid stroma	1339
3222	GO:0005761	C	mitochondrial ribosome	1337
3223	GO:0030658	C	transport vesicle membrane	1334
3224	GO:0009570	C	chloroplast stroma	1320
3225	GO:0045271	C	respiratory chain complex I	1315
3226	GO:0070382	C	exocytic vesicle	1289
3227	GO:0019898	C	extrinsic component of membrane	1289
3228	GO:1902911	C	protein kinase complex	1274
3229	GO:0030880	C	RNA polymerase complex	1245
3230	GO:0016323	C	basolateral plasma membrane	1225
3231	GO:0000428	C	DNA-directed RNA polymerase complex	1218
3232	GO:0008021	C	synaptic vesicle	1184
3233	GO:0030956	C	glutamyl-tRNA(Gln) amidotransferase complex	1167
3234	GO:0030288	C	outer membrane-bounded periplasmic space	1165
3235	GO:1902554	C	serine/threonine protein kinase complex	1152
3236	GO:1904949	C	ATPase complex	1145
3237	GO:0031597	C	cytosolic proteasome complex	1134
3238	GO:0009376	C	HslUV protease complex	1124
3239	GO:0043590	C	bacterial nucleoid	1122
3240	GO:0043292	C	contractile muscle fiber	1117
3241	GO:0043190	C	ATP-binding cassette (ABC) transporter complex	1098
3242	GO:0000779	C	condensed chromosome, centromeric region	1090
3243	GO:0034708	C	methyltransferase complex	1089
3244	GO:0031970	C	organelle envelope lumen	1085
3245	GO:0097729	C	9+2 motile cilium	1075
3246	GO:0009941	C	chloroplast envelope	1074
3247	GO:0000322	C	storage vacuole	1071
3248	GO:0098858	C	actin-based cell projection	1063
3249	GO:1990391	C	DNA repair complex	1045
3250	GO:0030016	C	myofibril	1038
3251	GO:0005758	C	mitochondrial intermembrane space	1031
3252	GO:0030662	C	coated vesicle membrane	1026
3253	GO:0000776	C	kinetochore	1024
3254	GO:0030055	C	cell-substrate junction	1016
3255	GO:0019030	C	icosahedral viral capsid	1015
3256	GO:0036126	C	sperm flagellum	1010
3257	GO:0009898	C	cytoplasmic side of plasma membrane	996
3258	GO:0005788	C	endoplasmic reticulum lumen	987
3259	GO:0033645	C	host cell endomembrane system	974
3260	GO:0000324	C	fungal-type vacuole	973
3261	GO:0000781	C	chromosome, telomeric region	971
3262	GO:0140392	C	extracellular protein-containing complex	969
3263	GO:0097014	C	ciliary plasm	967
3264	GO:0005925	C	focal adhesion	963
3265	GO:0030863	C	cortical cytoskeleton	957
3266	GO:0005930	C	axoneme	944
3267	GO:0036064	C	ciliary basal body	940
3268	GO:0005875	C	microtubule associated complex	926
3269	GO:0055037	C	recycling endosome	926
3270	GO:0000786	C	nucleosome	923
3271	GO:0000922	C	spindle pole	918
3272	GO:0005657	C	replication fork	908
3273	GO:0009380	C	excinuclease repair complex	908
3274	GO:0005960	C	glycine cleavage complex	907
3275	GO:0005795	C	Golgi stack	907
3276	GO:0098802	C	plasma membrane signaling receptor complex	906
3277	GO:0030017	C	sarcomere	905
3278	GO:0010494	C	cytoplasmic stress granule	888
3279	GO:0072562	C	blood microparticle	879
3280	GO:0043657	C	host cell	873
3281	GO:1902493	C	acetyltransferase complex	864
3282	GO:0031902	C	late endosome membrane	862
3283	GO:0031901	C	early endosome membrane	856
3284	GO:0043204	C	perikaryon	852
3285	GO:0072686	C	mitotic spindle	851
3286	GO:0044165	C	host cell endoplasmic reticulum	848
3287	GO:0044177	C	host cell Golgi apparatus	840
3288	GO:0005811	C	lipid droplet	839
3289	GO:0019013	C	viral nucleocapsid	835
3290	GO:0097730	C	non-motile cilium	822
3291	GO:0042734	C	presynaptic membrane	817
3292	GO:0005839	C	proteasome core complex	804
3293	GO:0000325	C	plant-type vacuole	801
3294	GO:0030027	C	lamellipodium	800
3295	GO:0030136	C	clathrin-coated vesicle	799
3296	GO:0005833	C	hemoglobin complex	799
3297	GO:0033202	C	DNA helicase complex	791
3298	GO:0009288	C	bacterial-type flagellum	790
3299	GO:0009317	C	acetyl-CoA carboxylase complex	789
3300	GO:0045335	C	phagocytic vesicle	788
3301	GO:1902555	C	endoribonuclease complex	786
3302	GO:0000407	C	phagophore assembly site	778
3303	GO:0031256	C	leading edge membrane	770
3304	GO:0044306	C	neuron projection terminus	769
3305	GO:0055044	C	symplast	767
3306	GO:0031248	C	protein acetyltransferase complex	766
3307	GO:0009506	C	plasmodesma	766
3308	GO:0030496	C	midbody	757
3309	GO:0019897	C	extrinsic component of plasma membrane	756
3310	GO:0005776	C	autophagosome	747
3311	GO:0000932	C	P-body	746
3312	GO:0031985	C	Golgi cisterna	743
3313	GO:0031838	C	haptoglobin-hemoglobin complex	742
3314	GO:0000315	C	organellar large ribosomal subunit	738
3315	GO:0000015	C	phosphopyruvate hydratase complex	735
3316	GO:0005762	C	mitochondrial large ribosomal subunit	732
3317	GO:0030426	C	growth cone	730
3318	GO:0009522	C	photosystem I	730
3319	GO:0044309	C	neuron spine	729
3320	GO:0060187	C	cell pole	726
3321	GO:0005684	C	U2-type spliceosomal complex	725
3322	GO:0005912	C	adherens junction	723
3323	GO:0043197	C	dendritic spine	722
3324	GO:0016592	C	mediator complex	714
3325	GO:0031969	C	chloroplast membrane	710
3326	GO:0030864	C	cortical actin cytoskeleton	710
3327	GO:0070993	C	cytosolic translation preinitiation complex	709
3328	GO:0071013	C	catalytic step 2 spliceosome	704
3329	GO:0042383	C	sarcolemma	700
3330	GO:0033290	C	eukaryotic 48S preinitiation complex	695
3331	GO:0048046	C	apoplast	693
3332	GO:0043679	C	axon terminus	693
3333	GO:0031522	C	cell envelope Sec protein transport complex	693
3334	GO:0030117	C	membrane coat	693
3335	GO:0048475	C	coated membrane	693
3336	GO:0016282	C	eukaryotic 43S preinitiation complex	690
3337	GO:0051286	C	cell tip	685
3338	GO:0032040	C	small-subunit processome	685
3339	GO:0005814	C	centriole	683
3340	GO:0000123	C	histone acetyltransferase complex	682
3341	GO:0032299	C	ribonuclease H2 complex	680
3342	GO:0005643	C	nuclear pore	678
3343	GO:0009539	C	photosystem II reaction center	678
3344	GO:0005852	C	eukaryotic translation initiation factor 3 complex	677
3345	GO:0001669	C	acrosomal vesicle	676
3346	GO:0090734	C	site of DNA damage	674
3347	GO:0045277	C	respiratory chain complex IV	669
3348	GO:0044232	C	organelle membrane contact site	668
3349	GO:0120114	C	Sm-like protein family complex	666
3350	GO:0001726	C	ruffle	666
3351	GO:0098862	C	cluster of actin-based cell projections	661
3352	GO:0055029	C	nuclear DNA-directed RNA polymerase complex	658
3353	GO:0045239	C	tricarboxylic acid cycle heteromeric enzyme complex	650
3354	GO:0030667	C	secretory granule membrane	647
3355	GO:0005881	C	cytoplasmic microtubule	638
3356	GO:0030134	C	COPII-coated ER to Golgi transport vesicle	638
3357	GO:0070603	C	SWI/SNF superfamily-type complex	636
3358	GO:0009505	C	plant-type cell wall	634
3359	GO:0009318	C	exodeoxyribonuclease VII complex	631
3360	GO:0099634	C	postsynaptic specialization membrane	630
3361	GO:0097731	C	9+0 non-motile cilium	629
3362	GO:0000307	C	cyclin-dependent protein kinase holoenzyme complex	621
3363	GO:0030672	C	synaptic vesicle membrane	617
3364	GO:0099501	C	exocytic vesicle membrane	617
3365	GO:0016591	C	RNA polymerase II, holoenzyme	617
3366	GO:0009425	C	bacterial-type flagellum basal body	612
3367	GO:0030686	C	90S preribosome	611
3368	GO:0045111	C	intermediate filament cytoskeleton	602
3369	GO:0000314	C	organellar small ribosomal subunit	597
3370	GO:0009368	C	endopeptidase Clp complex	595
3371	GO:0005763	C	mitochondrial small ribosomal subunit	594
3372	GO:0043527	C	tRNA methyltransferase complex	590
3373	GO:0000118	C	histone deacetylase complex	584
3374	GO:0005793	C	endoplasmic reticulum-Golgi intermediate compartment	579
3375	GO:0043296	C	apical junction complex	579
3376	GO:0030687	C	preribosome, large subunit precursor	579
3377	GO:0031674	C	I band	577
3378	GO:0031903	C	microbody membrane	570
3379	GO:0005778	C	peroxisomal membrane	570
3380	GO:0030677	C	ribonuclease P complex	570
3381	GO:0030532	C	small nuclear ribonucleoprotein complex	569
3382	GO:0044167	C	host cell endoplasmic reticulum membrane	565
3383	GO:0009379	C	Holliday junction helicase complex	564
3384	GO:0044853	C	plasma membrane raft	561
3385	GO:0005614	C	interstitial matrix	561
3386	GO:0030120	C	vesicle coat	558
3387	GO:0005798	C	Golgi-associated vesicle	555
3388	GO:0030666	C	endocytic vesicle membrane	555
3389	GO:0097733	C	photoreceptor cell cilium	549
3390	GO:0035861	C	site of double-strand break	549
3391	GO:0097525	C	spliceosomal snRNP complex	538
3392	GO:0090533	C	cation-transporting ATPase complex	536
3393	GO:0098800	C	inner mitochondrial membrane protein complex	535
3394	GO:0005882	C	intermediate filament	535
3395	GO:0000792	C	heterochromatin	531
3396	GO:0005771	C	multivesicular body	523
3397	GO:0099023	C	vesicle tethering complex	520
3398	GO:0005884	C	actin filament	519
3399	GO:0048770	C	pigment granule	519
3400	GO:0005604	C	basement membrane	518
3401	GO:0042470	C	melanosome	517
3402	GO:0033177	C	proton-transporting two-sector ATPase complex, proton-transporting domain	517
3403	GO:0044094	C	host cell nuclear part	513
3404	GO:0009277	C	fungal-type cell wall	510
3405	GO:0070160	C	tight junction	510
3406	GO:0030018	C	Z disc	510
3407	GO:0033281	C	TAT protein transport complex	506
3408	GO:0016459	C	myosin complex	503
3409	GO:0034045	C	phagophore assembly site membrane	502
3410	GO:0019005	C	SCF ubiquitin ligase complex	499
3411	GO:0016528	C	sarcoplasm	497
3412	GO:0005876	C	spindle microtubule	497
3413	GO:0000329	C	fungal-type vacuole membrane	489
3414	GO:0098839	C	postsynaptic density membrane	479
3415	GO:0005775	C	vacuolar lumen	473
3416	GO:0042709	C	succinate-CoA ligase complex	472
3417	GO:0098982	C	GABA-ergic synapse	472
3418	GO:0140151	C	solid phase of interstitial matrix	471
3419	GO:0016363	C	nuclear matrix	470
3420	GO:0001750	C	photoreceptor outer segment	468
3421	GO:0005923	C	bicellular tight junction	466
3422	GO:0019029	C	helical viral capsid	465
3423	GO:0031983	C	vesicle lumen	462
3424	GO:0060205	C	cytoplasmic vesicle lumen	455
3425	GO:0012507	C	ER to Golgi transport vesicle membrane	453
3426	GO:0009349	C	riboflavin synthase complex	453
3427	GO:0055038	C	recycling endosome membrane	446
3428	GO:0030175	C	filopodium	445
3429	GO:0005903	C	brush border	445
3430	GO:0005933	C	cellular bud	442
3431	GO:0032580	C	Golgi cisterna membrane	442
3432	GO:1903293	C	phosphatase complex	441
3433	GO:0032300	C	mismatch repair complex	440
3434	GO:0060170	C	ciliary membrane	427
3435	GO:0030428	C	cell septum	422
3436	GO:0044178	C	host cell Golgi membrane	420
3437	GO:0005901	C	caveola	420
3438	GO:0033650	C	host cell mitochondrion	418
3439	GO:0030665	C	clathrin-coated vesicle membrane	418
3440	GO:0005902	C	microvillus	417
3441	GO:0031594	C	neuromuscular junction	413
3442	GO:0017053	C	transcription repressor complex	412
3443	GO:0008287	C	protein serine/threonine phosphatase complex	411
3444	GO:0030894	C	replisome	410
3445	GO:0043596	C	nuclear replication fork	408
3446	GO:0008023	C	transcription elongation factor complex	406
3447	GO:0048786	C	presynaptic active zone	404
3448	GO:0044174	C	host cell endosome	400
3449	GO:0120111	C	neuron projection cytoplasm	399
3450	GO:0044233	C	mitochondria-associated endoplasmic reticulum membrane contact site	394
3451	GO:0140149	C	non-collagenous component of interstitial matrix	391
3452	GO:0016605	C	PML body	389
3453	GO:0000794	C	condensed nuclear chromosome	388
3454	GO:0034774	C	secretory granule lumen	386
3455	GO:0032432	C	actin filament bundle	385
3456	GO:0098799	C	outer mitochondrial membrane protein complex	385
3457	GO:0033176	C	proton-transporting V-type ATPase complex	384
3458	GO:0035097	C	histone methyltransferase complex	381
3459	GO:0005791	C	rough endoplasmic reticulum	380
3460	GO:0032994	C	protein-lipid complex	377
3461	GO:0034399	C	nuclear periphery	373
3462	GO:0005816	C	spindle pole body	373
3463	GO:0034705	C	potassium channel complex	373
3464	GO:0097225	C	sperm midpiece	372
3465	GO:0071011	C	precatalytic spliceosome	372
3466	GO:0098685	C	Schaffer collateral - CA1 synapse	367
3467	GO:0044196	C	host cell nucleolus	366
3468	GO:0033178	C	proton-transporting two-sector ATPase complex, catalytic domain	364
3469	GO:0034358	C	plasma lipoprotein particle	362
3470	GO:1990777	C	lipoprotein particle	362
3471	GO:0099568	C	cytoplasmic region	358
3472	GO:0043195	C	terminal bouton	358
3473	GO:1905354	C	exoribonuclease complex	356
3474	GO:0030076	C	light-harvesting complex	355
3475	GO:0042575	C	DNA polymerase complex	355
3476	GO:0009316	C	3-isopropylmalate dehydratase complex	355
3477	GO:0032589	C	neuron projection membrane	354
3478	GO:0099738	C	cell cortex region	353
3479	GO:0031201	C	SNARE complex	353
3480	GO:0005905	C	clathrin-coated pit	350
3481	GO:0042151	C	nematocyst	349
3482	GO:0030660	C	Golgi-associated vesicle membrane	348
3483	GO:0016529	C	sarcoplasmic reticulum	348
3484	GO:0140047	C	specialized extracellular matrix	347
3485	GO:0042641	C	actomyosin	346
3486	GO:0000421	C	autophagosome membrane	345
3487	GO:0009328	C	phenylalanine-tRNA ligase complex	345
3488	GO:0001650	C	fibrillar center	345
3489	GO:0032587	C	ruffle membrane	343
3490	GO:0000152	C	nuclear ubiquitin ligase complex	343
3491	GO:0030694	C	bacterial-type flagellum basal body, rod	341
3492	GO:0031469	C	bacterial microcompartment	338
3493	GO:0031234	C	extrinsic component of cytoplasmic side of plasma membrane	336
3494	GO:0043209	C	myelin sheath	336
3495	GO:0005935	C	cellular bud neck	335
3496	GO:0070847	C	core mediator complex	335
3497	GO:0030670	C	phagocytic vesicle membrane	334
3498	GO:0000791	C	euchromatin	332
3499	GO:0035869	C	ciliary transition zone	330
3500	GO:0017101	C	aminoacyl-tRNA synthetase multienzyme complex	327
3501	GO:0009274	C	peptidoglycan-based cell wall	326
3502	GO:0034451	C	centriolar satellite	322
3503	GO:0034364	C	high-density lipoprotein particle	320
3504	GO:0008076	C	voltage-gated potassium channel complex	319
3505	GO:0031907	C	microbody lumen	316
3506	GO:0005782	C	peroxisomal matrix	316
3507	GO:0097346	C	INO80-type complex	314
3508	GO:0097517	C	contractile actin filament bundle	313
3509	GO:0001725	C	stress fiber	313
3510	GO:0101031	C	protein folding chaperone complex	313
3511	GO:0032588	C	trans-Golgi network membrane	312
3512	GO:1902562	C	H4 histone acetyltransferase complex	310
3513	GO:0005801	C	cis-Golgi network	309
3514	GO:0009289	C	pilus	307
3515	GO:0009426	C	bacterial-type flagellum basal body, distal rod	305
3516	GO:0009528	C	plastid inner membrane	304
3517	GO:0070971	C	endoplasmic reticulum exit site	304
3518	GO:0016328	C	lateral plasma membrane	303
3519	GO:0005937	C	mating projection	303
3520	GO:1905360	C	GTPase complex	302
3521	GO:0045095	C	keratin filament	302
3522	GO:0005732	C	sno(s)RNA-containing ribonucleoprotein complex	302
3523	GO:0009706	C	chloroplast inner membrane	301
3524	GO:0044291	C	cell-cell contact zone	299
3525	GO:0019033	C	viral tegument	299
3526	GO:0097228	C	sperm principal piece	297
3527	GO:0022624	C	proteasome accessory complex	297
3528	GO:0005849	C	mRNA cleavage factor complex	296
3529	GO:0033116	C	endoplasmic reticulum-Golgi intermediate compartment membrane	296
3530	GO:0031463	C	Cul3-RING ubiquitin ligase complex	293
3531	GO:0044220	C	host cell perinuclear region of cytoplasm	291
3532	GO:0034361	C	very-low-density lipoprotein particle	287
3533	GO:0034385	C	triglyceride-rich plasma lipoprotein particle	287
3534	GO:0000940	C	outer kinetochore	287
3535	GO:1990228	C	sulfurtransferase complex	287
3536	GO:0001917	C	photoreceptor inner segment	286
3537	GO:0009512	C	cytochrome b6f complex	285
3538	GO:0044304	C	main axon	284
3539	GO:0031312	C	extrinsic component of organelle membrane	284
3540	GO:0071541	C	eukaryotic translation initiation factor 3 complex, eIF3m	283
3541	GO:0043332	C	mating projection tip	281
3542	GO:0070461	C	SAGA-type complex	280
3543	GO:0060293	C	germ plasm	280
3544	GO:0045240	C	alpha-ketoacid dehydrogenase complex	277
3545	GO:1990229	C	iron-sulfur cluster assembly complex	277
3546	GO:0005637	C	nuclear inner membrane	275
3547	GO:0019774	C	proteasome core complex, beta-subunit complex	275
3548	GO:0042645	C	mitochondrial nucleoid	275
3549	GO:1904115	C	axon cytoplasm	273
3550	GO:0032154	C	cleavage furrow	273
3551	GO:0005834	C	heterotrimeric G-protein complex	272
3552	GO:0061645	C	endocytic patch	272
3553	GO:0060076	C	excitatory synapse	271
3554	GO:0030479	C	actin cortical patch	268
3555	GO:0034704	C	calcium channel complex	267
3556	GO:0071782	C	endoplasmic reticulum tubular network	266
3557	GO:0031519	C	PcG protein complex	265
3558	GO:0051233	C	spindle midzone	264
3559	GO:0071014	C	post-mRNA release spliceosomal complex	264
3560	GO:0000974	C	Prp19 complex	262
3561	GO:0016471	C	vacuolar proton-transporting V-type ATPase complex	261
3562	GO:0036452	C	ESCRT complex	261
3563	GO:0030118	C	clathrin coat	261
3564	GO:0005871	C	kinesin complex	260
3565	GO:0042763	C	intracellular immature spore	258
3566	GO:0032590	C	dendrite membrane	258
3567	GO:0031526	C	brush border membrane	257
3568	GO:0044172	C	host cell endoplasmic reticulum-Golgi intermediate compartment	255
3569	GO:0016460	C	myosin II complex	253
3570	GO:0043186	C	P granule	252
3571	GO:0016234	C	inclusion body	251
3572	GO:0005838	C	proteasome regulatory particle	251
3573	GO:0030286	C	dynein complex	250
3574	GO:0140139	C	solid phase of basement membrane	250
3575	GO:0043189	C	H4/H2A histone acetyltransferase complex	249
3576	GO:0035267	C	NuA4 histone acetyltransferase complex	249
3577	GO:0030315	C	T-tubule	249
3578	GO:0044175	C	host cell endosome membrane	249
3579	GO:0000178	C	exosome (RNase complex)	246
3580	GO:0030089	C	phycobilisome	242
3581	GO:0097526	C	spliceosomal tri-snRNP complex	242
3582	GO:0032421	C	stereocilium bundle	241
3583	GO:0071012	C	catalytic step 1 spliceosome	241
3584	GO:0019814	C	immunoglobulin complex	240
3585	GO:0071006	C	U2-type catalytic step 1 spliceosome	239
3586	GO:0005879	C	axonemal microtubule	238
3587	GO:0019908	C	nuclear cyclin-dependent protein kinase holoenzyme complex	237
3588	GO:0032865	C	ERMES complex	232
3589	GO:0030127	C	COPII vesicle coat	227
3590	GO:0032045	C	guanyl-nucleotide exchange factor complex	226
3591	GO:0046930	C	pore complex	226
3592	GO:0035550	C	urease complex	226
3593	GO:0080008	C	Cul4-RING E3 ubiquitin ligase complex	225
3594	GO:0031977	C	thylakoid lumen	224
3595	GO:0015030	C	Cajal body	224
3596	GO:0014704	C	intercalated disc	223
3597	GO:0098576	C	lumenal side of membrane	223
3598	GO:0140144	C	non-collagenous component of basement membrane	223
3599	GO:0046540	C	U4/U6 x U5 tri-snRNP complex	222
3600	GO:0042627	C	chylomicron	220
3601	GO:0000124	C	SAGA complex	219
3602	GO:0030137	C	COPI-coated vesicle	219
3603	GO:0039624	C	viral outer capsid	217
3604	GO:0031045	C	dense core granule	216
3605	GO:0055052	C	ATP-binding cassette (ABC) transporter complex, substrate-binding subunit-containing	216
3606	GO:0030119	C	AP-type membrane coat adaptor complex	215
3607	GO:0071010	C	prespliceosome	214
3608	GO:0071004	C	U2-type prespliceosome	214
3609	GO:0098636	C	protein complex involved in cell adhesion	213
3610	GO:0044732	C	mitotic spindle pole body	212
3611	GO:0005669	C	transcription factor TFIID complex	212
3612	GO:0019773	C	proteasome core complex, alpha-subunit complex	211
3613	GO:0034518	C	RNA cap binding complex	210
3614	GO:0032420	C	stereocilium	209
3615	GO:0005945	C	6-phosphofructokinase complex	209
3616	GO:0030688	C	preribosome, small subunit precursor	209
3617	GO:1903600	C	glutaminase complex	207
3618	GO:0043202	C	lysosomal lumen	207
3619	GO:0000812	C	Swr1 complex	206
3620	GO:0008180	C	COP9 signalosome	205
3621	GO:0071540	C	eukaryotic translation initiation factor 3 complex, eIF3e	205
3622	GO:0009705	C	plant-type vacuole membrane	204
3623	GO:0030140	C	trans-Golgi network transport vesicle	204
3624	GO:0005721	C	pericentric heterochromatin	203
3625	GO:0071007	C	U2-type catalytic step 2 spliceosome	203
3626	GO:0044161	C	host cell cytoplasmic vesicle	202
3627	GO:0045334	C	clathrin-coated endocytic vesicle	201
3628	GO:0031672	C	A band	197
3629	GO:0005847	C	mRNA cleavage and polyadenylation specificity factor complex	196
3630	GO:0030867	C	rough endoplasmic reticulum membrane	196
3631	GO:0030125	C	clathrin vesicle coat	196
3632	GO:0098015	C	virus tail	195
3633	GO:0048500	C	signal recognition particle	193
3634	GO:1905286	C	serine-type peptidase complex	193
3635	GO:1905370	C	serine-type endopeptidase complex	193
3636	GO:0032156	C	septin cytoskeleton	192
3637	GO:0048787	C	presynaptic active zone membrane	192
3638	GO:0032806	C	carboxy-terminal domain protein kinase complex	191
3639	GO:0033017	C	sarcoplasmic reticulum membrane	190
3640	GO:0031470	C	carboxysome	189
3641	GO:0070545	C	PeBoW complex	189
3642	GO:0005744	C	TIM23 mitochondrial import inner membrane translocase complex	188
3643	GO:0098554	C	cytoplasmic side of endoplasmic reticulum membrane	188
3644	GO:0031261	C	DNA replication preinitiation complex	188
3645	GO:0042582	C	azurophil granule	188
3646	GO:0005766	C	primary lysosome	188
3647	GO:0005796	C	Golgi lumen	186
3648	GO:0042581	C	specific granule	185
3649	GO:0043198	C	dendritic shaft	182
3650	GO:0033180	C	proton-transporting V-type ATPase, V1 domain	182
3651	GO:0097545	C	axonemal doublet microtubule	180
3652	GO:0009330	C	DNA topoisomerase type II (double strand cut, ATP-hydrolyzing) complex	180
3653	GO:0044156	C	host cell junction	180
3654	GO:0043529	C	GET complex	180
3655	GO:0005921	C	gap junction	179
3656	GO:0097546	C	ciliary base	179
3657	GO:0070938	C	contractile ring	178
3658	GO:0045171	C	intercellular bridge	178
3659	GO:0098878	C	neurotransmitter receptor complex	177
3660	GO:0005685	C	U1 snRNP	177
3661	GO:0030663	C	COPI-coated vesicle membrane	176
3662	GO:0002189	C	ribose phosphate diphosphokinase complex	175
3663	GO:0005686	C	U2 snRNP	174
3664	GO:0044163	C	host cytoskeleton	174
3665	GO:0031314	C	extrinsic component of mitochondrial inner membrane	174
3666	GO:0005934	C	cellular bud tip	174
3667	GO:0005742	C	mitochondrial outer membrane translocase complex	173
3668	GO:0005680	C	anaphase-promoting complex	172
3669	GO:0033179	C	proton-transporting V-type ATPase, V0 domain	172
3670	GO:0001891	C	phagocytic cup	172
3671	GO:0034362	C	low-density lipoprotein particle	171
3672	GO:0016272	C	prefoldin complex	171
3673	GO:0101002	C	ficolin-1-rich granule	171
3674	GO:0005891	C	voltage-gated calcium channel complex	170
3675	GO:0097431	C	mitotic spindle pole	170
3676	GO:0031011	C	Ino80 complex	169
3677	GO:0045252	C	oxoglutarate dehydrogenase complex	166
3678	GO:0042764	C	ascospore-type prospore	166
3679	GO:0070820	C	tertiary granule	166
3680	GO:0098686	C	hippocampal mossy fiber to CA3 synapse	166
3681	GO:0099086	C	synaptonemal structure	165
3682	GO:0031978	C	plastid thylakoid lumen	164
3683	GO:0032541	C	cortical endoplasmic reticulum	164
3684	GO:1990077	C	primosome complex	164
3685	GO:0097649	C	A axonemal microtubule	163
3686	GO:1990752	C	microtubule end	163
3687	GO:0097038	C	perinuclear endoplasmic reticulum	163
3688	GO:0009329	C	acetate CoA-transferase complex	163
3689	GO:0160110	C	axonemal microtubule doublet inner sheath	162
3690	GO:0009543	C	chloroplast thylakoid lumen	162
3691	GO:0001772	C	immunological synapse	162
3692	GO:0005940	C	septin ring	161
3693	GO:0002080	C	acrosomal membrane	161
3694	GO:0009337	C	sulfite reductase complex (NADPH)	161
3695	GO:0005666	C	RNA polymerase III complex	160
3696	GO:0032585	C	multivesicular body membrane	159
3697	GO:0008328	C	ionotropic glutamate receptor complex	159
3698	GO:0005689	C	U12-type spliceosomal complex	159
3699	GO:0001533	C	cornified envelope	159
3700	GO:0030131	C	clathrin adaptor complex	159
3701	GO:0043601	C	nuclear replisome	158
3702	GO:0035859	C	Seh1-associated complex	158
3703	GO:0044184	C	host cell late endosome	158
3704	GO:0009428	C	bacterial-type flagellum basal body, distal rod, P ring	157
3705	GO:0000795	C	synaptonemal complex	156
3706	GO:0097381	C	photoreceptor disc membrane	156
3707	GO:0044219	C	host cell plasmodesma	155
3708	GO:0005767	C	secondary lysosome	153
3709	GO:0097542	C	ciliary tip	152
3710	GO:0005581	C	collagen trimer	151
3711	GO:0000221	C	vacuolar proton-transporting V-type ATPase, V1 domain	151
3712	GO:0005665	C	RNA polymerase II, core complex	150
3713	GO:0009842	C	cyanelle	150
3714	GO:0000145	C	exocyst	149
3715	GO:0030990	C	intraciliary transport particle	149
3716	GO:0071005	C	U2-type precatalytic spliceosome	148
3717	GO:0005628	C	prospore membrane	148
3718	GO:0030669	C	clathrin-coated endocytic vesicle membrane	148
3719	GO:0072494	C	host multivesicular body	147
3720	GO:0016342	C	catenin complex	147
3721	GO:0008250	C	oligosaccharyltransferase complex	146
3722	GO:0005640	C	nuclear outer membrane	146
3723	GO:0002102	C	podosome	145
3724	GO:0000137	C	Golgi cis cisterna	145
3725	GO:0000159	C	protein phosphatase type 2A complex	145
3726	GO:0005826	C	actomyosin contractile ring	143
3727	GO:0098992	C	neuronal dense core vesicle	143
3728	GO:0099091	C	postsynaptic specialization, intracellular component	142
3729	GO:0097361	C	cytosolic [4Fe-4S] assembly targeting complex	142
3730	GO:0061908	C	phagophore	141
3731	GO:0000408	C	EKC/KEOPS complex	141
3732	GO:0005700	C	polytene chromosome	141
3733	GO:0044162	C	host cell cytoplasmic vesicle membrane	140
3734	GO:1902560	C	GMP reductase complex	140
3735	GO:0034706	C	sodium channel complex	139
3736	GO:0031143	C	pseudopodium	139
3737	GO:0009427	C	bacterial-type flagellum basal body, distal rod, L ring	139
3738	GO:1990316	C	Atg1/ULK1 kinase complex	138
3739	GO:0009276	C	Gram-negative-bacterium-type cell wall	138
3740	GO:0044298	C	cell body membrane	138
3741	GO:0097386	C	glial cell projection	137
3742	GO:0009538	C	photosystem I reaction center	136
3743	GO:0016281	C	eukaryotic translation initiation factor 4F complex	135
3744	GO:0097550	C	transcription preinitiation complex	135
3745	GO:0039617	C	T=3 icosahedral viral capsid	135
3746	GO:0009654	C	photosystem II oxygen evolving complex	133
3747	GO:0030126	C	COPI vesicle coat	133
3748	GO:0000177	C	cytoplasmic exosome (RNase complex)	133
3749	GO:0042555	C	MCM complex	133
3750	GO:0031091	C	platelet alpha granule	133
3751	GO:0044191	C	host cell mitochondrial membrane	132
3752	GO:0044190	C	host cell mitochondrial envelope	132
3753	GO:0005682	C	U5 snRNP	132
3754	GO:0005675	C	transcription factor TFIIH holo complex	131
3755	GO:0044295	C	axonal growth cone	131
3756	GO:0015627	C	type II protein secretion system complex	130
3757	GO:0016514	C	SWI/SNF complex	130
3758	GO:0005797	C	Golgi medial cisterna	130
3759	GO:0035371	C	microtubule plus-end	129
3760	GO:0031528	C	microvillus membrane	129
3761	GO:0090571	C	RNA polymerase II transcription repressor complex	129
3762	GO:0098553	C	lumenal side of endoplasmic reticulum membrane	129
3763	GO:0000164	C	protein phosphatase type 1 complex	129
3764	GO:0042611	C	MHC protein complex	129
3765	GO:0039619	C	T=4 icosahedral viral capsid	129
3766	GO:0031082	C	BLOC complex	128
3767	GO:0039615	C	T=1 icosahedral viral capsid	128
3768	GO:0008540	C	proteasome regulatory particle, base subcomplex	128
3769	GO:0036379	C	myofilament	126
3770	GO:0070822	C	Sin3-type complex	126
3771	GO:0044168	C	host cell rough endoplasmic reticulum	126
3772	GO:0039621	C	T=13 icosahedral viral capsid	126
3773	GO:0031430	C	M band	125
3774	GO:0032809	C	neuronal cell body membrane	125
3775	GO:0000930	C	gamma-tubulin complex	124
3776	GO:0030057	C	desmosome	124
3777	GO:0072687	C	meiotic spindle	124
3778	GO:0099523	C	presynaptic cytosol	124
3779	GO:0043073	C	germ cell nucleus	124
3780	GO:0005868	C	cytoplasmic dynein complex	123
3781	GO:0008541	C	proteasome regulatory particle, lid subcomplex	123
3782	GO:0044164	C	host cell cytosol	122
3783	GO:0031241	C	periplasmic side of cell outer membrane	122
3784	GO:0032391	C	photoreceptor connecting cilium	122
3785	GO:0098644	C	complex of collagen trimers	120
3786	GO:0008305	C	integrin complex	120
3787	GO:0005736	C	RNA polymerase I complex	120
3788	GO:0031462	C	Cul2-RING ubiquitin ligase complex	119
3789	GO:0099092	C	postsynaptic density, intracellular component	119
3790	GO:0031501	C	mannosyltransferase complex	119
3791	GO:0048188	C	Set1C/COMPASS complex	119
3792	GO:0005790	C	smooth endoplasmic reticulum	119
3793	GO:0000815	C	ESCRT III complex	119
3794	GO:0039620	C	T=7 icosahedral viral capsid	119
3795	GO:0000109	C	nucleotide-excision repair complex	119
3796	GO:0030014	C	CCR4-NOT complex	118
3797	GO:0009325	C	nitrate reductase complex	118
3798	GO:0000243	C	commitment complex	118
3799	GO:0012510	C	trans-Golgi network transport vesicle membrane	118
3800	GO:0009524	C	phragmoplast	118
3801	GO:0000138	C	Golgi trans cisterna	117
3802	GO:0009347	C	aspartate carbamoyltransferase complex	117
3803	GO:0140445	C	chromosome, telomeric repeat region	117
3804	GO:0032039	C	integrator complex	117
3805	GO:0044665	C	MLL1/2 complex	116
3806	GO:0030132	C	clathrin coat of coated pit	116
3807	GO:0140220	C	pathogen-containing vacuole	115
3808	GO:0005697	C	telomerase holoenzyme complex	115
3809	GO:0120293	C	dynein axonemal particle	115
3810	GO:0043083	C	synaptic cleft	115
3811	GO:0031083	C	BLOC-1 complex	115
3812	GO:0032839	C	dendrite cytoplasm	115
3813	GO:0005942	C	phosphatidylinositol 3-kinase complex	114
3814	GO:0160111	C	axonemal A tubule inner sheath	114
3815	GO:0005832	C	chaperonin-containing T-complex	114
3816	GO:0090406	C	pollen tube	114
3817	GO:1904813	C	ficolin-1-rich granule lumen	113
3818	GO:0031941	C	filamentous actin	112
3819	GO:0090443	C	FAR/SIP/STRIPAK complex	112
3820	GO:0033557	C	Slx1-Slx4 complex	112
3821	GO:0005787	C	signal peptidase complex	112
3822	GO:0000131	C	incipient cellular bud site	112
3823	GO:0099524	C	postsynaptic cytosol	112
3824	GO:0005892	C	acetylcholine-gated channel complex	112
3825	GO:0097229	C	sperm end piece	111
3826	GO:0110085	C	mitotic actomyosin contractile ring	111
3827	GO:0009527	C	plastid outer membrane	110
3828	GO:0030992	C	intraciliary transport particle B	110
3829	GO:0036125	C	fatty acid beta-oxidation multienzyme complex	109
3830	GO:0009707	C	chloroplast outer membrane	108
3831	GO:0160232	C	INTAC complex	108
3832	GO:1990023	C	mitotic spindle midzone	108
3833	GO:0071953	C	elastic fiber	108
3834	GO:0031262	C	Ndc80 complex	108
3835	GO:0031080	C	nuclear pore outer ring	107
3836	GO:0017119	C	COG complex	107
3837	GO:0031160	C	spore wall	107
3838	GO:0030130	C	clathrin coat of trans-Golgi network vesicle	107
3839	GO:0030981	C	cortical microtubule cytoskeleton	106
3840	GO:0034274	C	Atg12-Atg5-Atg16 complex	105
3841	GO:0071339	C	MLL1 complex	105
3842	GO:0042588	C	zymogen granule	105
3843	GO:0005865	C	striated muscle thin filament	104
3844	GO:0030904	C	retromer complex	104
3845	GO:0051285	C	cell cortex of cell tip	104
3846	GO:0005922	C	connexin complex	104
3847	GO:0106139	C	symbiont cell surface	103
3848	GO:0061617	C	MICOS complex	102
3849	GO:0071020	C	post-spliceosomal complex	102
3850	GO:0032982	C	myosin filament	102
3851	GO:0071162	C	CMG complex	102
3852	GO:0005652	C	nuclear lamina	101
3853	GO:0035838	C	growing cell tip	101
3854	GO:0030008	C	TRAPP complex	101
3855	GO:0032473	C	cytoplasmic side of mitochondrial outer membrane	101
3856	GO:0062039	C	biofilm matrix	99
3857	GO:0042622	C	photoreceptor outer segment membrane	99
3858	GO:1990230	C	iron-sulfur cluster transfer complex	99
3859	GO:0005663	C	DNA replication factor C complex	99
3860	GO:0030077	C	plasma membrane light-harvesting complex	99
3861	GO:0000328	C	fungal-type vacuole lumen	98
3862	GO:0045254	C	pyruvate dehydrogenase complex	98
3863	GO:0009360	C	DNA polymerase III complex	98
3864	GO:0016327	C	apicolateral plasma membrane	98
3865	GO:0062040	C	fungal biofilm matrix	98
3866	GO:0000803	C	sex chromosome	98
3867	GO:0090665	C	glycoprotein complex	98
3868	GO:0009341	C	beta-galactosidase complex	97
3869	GO:0001401	C	SAM complex	97
3870	GO:0098688	C	parallel fiber to Purkinje cell synapse	97
3871	GO:0001405	C	PAM complex, Tim23 associated import motor	97
3872	GO:0042583	C	chromaffin granule	96
3873	GO:0097648	C	G protein-coupled receptor complex	96
3874	GO:0034719	C	SMN-Sm protein complex	96
3875	GO:0160313	C	endosomal intralumenal vesicle	95
3876	GO:0035145	C	exon-exon junction complex	95
3877	GO:0036019	C	endolysosome	95
3878	GO:0005885	C	Arp2/3 protein complex	95
3879	GO:0005952	C	cAMP-dependent protein kinase complex	95
3880	GO:0031904	C	endosome lumen	95
3881	GO:0045273	C	respiratory chain complex II (succinate dehydrogenase)	95
3882	GO:0032281	C	AMPA glutamate receptor complex	95
3883	GO:0005858	C	axonemal dynein complex	94
3884	GO:0090741	C	pigment granule membrane	94
3885	GO:0045009	C	chitosome	94
3886	GO:0000346	C	transcription export complex	94
3887	GO:0044199	C	host cell nuclear envelope	94
3888	GO:0009501	C	amyloplast	93
3889	GO:0061700	C	GATOR2 complex	93
3890	GO:0044200	C	host cell nuclear membrane	93
3891	GO:0035098	C	ESC/E(Z) complex	92
3892	GO:0033162	C	melanosome membrane	92
3893	GO:0072379	C	ER membrane insertion complex	92
3894	GO:0031332	C	RNAi effector complex	92
3895	GO:0039618	C	T=pseudo3 icosahedral viral capsid	92
3896	GO:0044166	C	host cell endoplasmic reticulum lumen	92
3897	GO:0150005	C	enzyme activator complex	92
3898	GO:0097487	C	multivesicular body, internal vesicle	91
3899	GO:0061827	C	sperm head	91
3900	GO:0170049	C	box C/D RNP complex	91
3901	GO:0000939	C	inner kinetochore	91
3902	GO:0000176	C	nuclear exosome (RNase complex)	91
3903	GO:0035578	C	azurophil granule lumen	91
3904	GO:0031411	C	gas vesicle	90
3905	GO:0031428	C	box C/D methylation guide snoRNP complex	90
3906	GO:0038201	C	TOR complex	90
3907	GO:0002178	C	palmitoyltransferase complex	90
3908	GO:0140268	C	endoplasmic reticulum-plasma membrane contact site	89
3909	GO:0035102	C	PRC1 complex	89
3910	GO:0005890	C	sodium:potassium-exchanging ATPase complex	89
3911	GO:0035579	C	specific granule membrane	89
3912	GO:0055028	C	cortical microtubule	88
3913	GO:0005677	C	chromatin silencing complex	88
3914	GO:0043655	C	host extracellular region	88
3915	GO:0072546	C	EMC complex	88
3916	GO:0062129	C	chitin-based extracellular matrix	88
3917	GO:0031105	C	septin complex	87
3918	GO:0120212	C	sperm head-tail coupling apparatus	87
3919	GO:0043614	C	multi-eIF complex	87
3920	GO:0043194	C	axon initial segment	86
3921	GO:0005948	C	acetolactate synthase complex	86
3922	GO:0008290	C	F-actin capping protein complex	86
3923	GO:0031371	C	ubiquitin conjugating enzyme complex	86
3924	GO:0005828	C	kinetochore microtubule	86
3925	GO:0034366	C	spherical high-density lipoprotein particle	85
3926	GO:0000153	C	cytoplasmic ubiquitin ligase complex	85
3927	GO:0140152	C	collagenous component of interstitial matrix	85
3928	GO:0005854	C	nascent polypeptide-associated complex	85
3929	GO:0090543	C	Flemming body	85
3930	GO:1902710	C	GABA receptor complex	85
3931	GO:0032009	C	early phagosome	85
3932	GO:0000811	C	GINS complex	84
3933	GO:0031258	C	lamellipodium membrane	84
3934	GO:0097470	C	ribbon synapse	84
3935	GO:0042721	C	TIM22 mitochondrial import inner membrane insertion complex	83
3936	GO:0032133	C	chromosome passenger complex	83
3937	GO:0000439	C	transcription factor TFIIH core complex	83
3938	GO:0060077	C	inhibitory synapse	83
3939	GO:0099617	C	matrix side of mitochondrial inner membrane	82
3940	GO:0020011	C	apicoplast	82
3941	GO:1990498	C	mitotic spindle microtubule	82
3942	GO:0009514	C	glyoxysome	82
3943	GO:0002177	C	manchette	82
3944	GO:0016010	C	dystrophin-associated glycoprotein complex	82
3945	GO:0034663	C	endoplasmic reticulum chaperone complex	81
3946	GO:0031414	C	N-terminal protein acetyltransferase complex	81
3947	GO:0042719	C	mitochondrial intermembrane space chaperone complex	81
3948	GO:0030991	C	intraciliary transport particle A	80
3949	GO:0071018	C	U12-type catalytic step 2 spliceosome	80
3950	GO:0061696	C	pituitary gonadotropin complex	80
3951	GO:0097449	C	astrocyte projection	80
3952	GO:0042101	C	T cell receptor complex	79
3953	GO:0005869	C	dynactin complex	79
3954	GO:0140150	C	gel phase of interstitial matrix	79
3955	GO:0044754	C	autolysosome	79
3956	GO:0097440	C	apical dendrite	79
3957	GO:0033011	C	perinuclear theca	78
3958	GO:0000326	C	protein storage vacuole	78
3959	GO:0000931	C	gamma-tubulin ring complex	78
3960	GO:0034098	C	VCP-NPL4-UFD1 AAA ATPase complex	78
3961	GO:1902503	C	adenylyltransferase complex	78
3962	GO:0106068	C	SUMO ligase complex	78
3963	GO:0005786	C	signal recognition particle, endoplasmic reticulum targeting	78
3964	GO:0033106	C	cis-Golgi network membrane	78
3965	GO:0020003	C	symbiont-containing vacuole	77
3966	GO:0044292	C	dendrite terminus	77
3967	GO:0009358	C	polyphosphate kinase complex	77
3968	GO:0031464	C	Cul4A-RING E3 ubiquitin ligase complex	77
3969	GO:0000220	C	vacuolar proton-transporting V-type ATPase, V0 domain	77
3970	GO:0001518	C	voltage-gated sodium channel complex	77
3971	GO:0032591	C	dendritic spine membrane	77
3972	GO:0000172	C	ribonuclease MRP complex	77
3973	GO:1902711	C	GABA-A receptor complex	77
3974	GO:0001673	C	male germ cell nucleus	77
3975	GO:0099243	C	extrinsic component of synaptic membrane	77
3976	GO:0000935	C	division septum	76
3977	GO:0000782	C	telomere cap complex	76
3978	GO:0016914	C	follicle-stimulating hormone complex	76
3979	GO:0016593	C	Cdc73/Paf1 complex	76
3980	GO:0071819	C	DUBm complex	76
3981	GO:0005664	C	nuclear origin of replication recognition complex	76
3982	GO:0000808	C	origin recognition complex	76
3983	GO:0042601	C	endospore-forming forespore	76
3984	GO:0031588	C	nucleotide-activated protein kinase complex	76
3985	GO:0030128	C	clathrin coat of endocytic vesicle	76
3986	GO:0032433	C	filopodium tip	76
3987	GO:0005662	C	DNA replication factor A complex	75
3988	GO:0000242	C	pericentriolar material	75
3989	GO:0061702	C	canonical inflammasome complex	75
3990	GO:0016442	C	RISC complex	75
3991	GO:0031254	C	cell trailing edge	75
3992	GO:0035032	C	phosphatidylinositol 3-kinase complex, class III	74
3993	GO:0034657	C	GID complex	74
3994	GO:0042405	C	nuclear inclusion body	74
3995	GO:0090545	C	CHD-type complex	74
3996	GO:0016581	C	NuRD complex	74
3997	GO:0005818	C	aster	74
3998	GO:0031010	C	ISWI-type complex	74
3999	GO:0072669	C	tRNA-splicing ligase complex	74
4000	GO:0030122	C	AP-2 adaptor complex	74
4001	GO:0030897	C	HOPS complex	74
4002	GO:0042613	C	MHC class II protein complex	74
4003	GO:0034363	C	intermediate-density lipoprotein particle	73
4004	GO:0032010	C	phagolysosome	73
4005	GO:0042729	C	DASH complex	73
4006	GO:0099571	C	postsynaptic cytoskeleton	73
4007	GO:0042646	C	plastid nucleoid	73
4008	GO:0044305	C	calyx of Held	73
4009	GO:0010287	C	plastoglobule	73
4010	GO:0070821	C	tertiary granule membrane	73
4011	GO:0033268	C	node of Ranvier	72
4012	GO:0042644	C	chloroplast nucleoid	72
4013	GO:0045283	C	fumarate reductase complex	72
4014	GO:0045179	C	apical cortex	72
4015	GO:0071203	C	WASH complex	72
4016	GO:0044194	C	cytolytic granule	72
4017	GO:0039625	C	viral inner capsid	72
4018	GO:0030121	C	AP-1 adaptor complex	72
4019	GO:0098845	C	postsynaptic endosome	72
4020	GO:1990063	C	Bam protein complex	71
4021	GO:0072588	C	box H/ACA RNP complex	71
4022	GO:0031429	C	box H/ACA snoRNP complex	71
4023	GO:0031616	C	spindle pole centrosome	71
4024	GO:0042589	C	zymogen granule membrane	71
4025	GO:0005688	C	U6 snRNP	70
4026	GO:0005687	C	U4 snRNP	70
4027	GO:0031466	C	Cul5-RING ubiquitin ligase complex	70
4028	GO:0031074	C	nucleocytoplasmic transport complex	70
4029	GO:0008303	C	caspase complex	70
4030	GO:0030446	C	hyphal cell wall	69
4031	GO:0071546	C	pi-body	69
4032	GO:0030015	C	CCR4-NOT core complex	69
4033	GO:0070390	C	transcription export complex 2	69
4034	GO:0098691	C	dopaminergic synapse	68
4035	GO:0106143	C	tRNA (m7G46) methyltransferase complex	68
4036	GO:0036038	C	MKS complex	68
4037	GO:1990071	C	TRAPPII protein complex	68
4038	GO:0035101	C	FACT complex	68
4039	GO:0017059	C	serine palmitoyltransferase complex	68
4040	GO:0031527	C	filopodium membrane	68
4041	GO:0016602	C	CCAAT-binding factor complex	68
4042	GO:0034515	C	proteasome storage granule	68
4043	GO:0016235	C	aggresome	67
4044	GO:0000783	C	nuclear telomere cap complex	67
4045	GO:0044322	C	endoplasmic reticulum quality control compartment	67
4046	GO:0005846	C	nuclear cap binding complex	67
4047	GO:0031097	C	medial cortex	67
4048	GO:0031093	C	platelet alpha granule lumen	67
4049	GO:0033553	C	rDNA heterochromatin	66
4050	GO:0033588	C	elongator holoenzyme complex	66
4051	GO:0031932	C	TORC2 complex	66
4052	GO:0008278	C	cohesin complex	66
4053	GO:0042564	C	NLS-dependent protein nuclear import complex	66
4054	GO:0000347	C	THO complex	66
4055	GO:0034506	C	chromosome, centromeric core domain	66
4056	GO:0098981	C	cholinergic synapse	66
4057	GO:0043218	C	compact myelin	66
4058	GO:0005971	C	ribonucleoside-diphosphate reductase complex	66
4059	GO:0042600	C	egg chorion	65
4060	GO:0070775	C	H3 histone acetyltransferase complex	65
4061	GO:0033391	C	chromatoid body	64
4062	GO:0031298	C	replication fork protection complex	64
4063	GO:0009331	C	glycerol-3-phosphate dehydrogenase (FAD) complex	64
4064	GO:0016028	C	rhabdomere	64
4065	GO:0043659	C	symbiosome	63
4066	GO:0042599	C	lamellar body	63
4067	GO:0010369	C	chromocenter	63
4068	GO:0044173	C	host cell endoplasmic reticulum-Golgi intermediate compartment membrane	63
4069	GO:0071016	C	U12-type precatalytic spliceosome	63
4070	GO:0031251	C	PAN complex	63
4071	GO:1990140	C	molybdopterin synthase complex	63
4072	GO:1990281	C	efflux pump complex	63
4073	GO:1990742	C	microvesicle	63
4074	GO:0043020	C	NADPH oxidase complex	63
4075	GO:0044613	C	nuclear pore central transport channel	63
4076	GO:0071986	C	Ragulator complex	63
4077	GO:0070765	C	gamma-secretase complex	63
4078	GO:0031471	C	ethanolamine degradation polyhedral organelle	62
4079	GO:0030915	C	Smc5-Smc6 complex	62
4080	GO:0042612	C	MHC class I protein complex	62
4081	GO:0035577	C	azurophil granule membrane	62
4082	GO:0005861	C	troponin complex	61
4083	GO:0000796	C	condensin complex	61
4084	GO:0001534	C	radial spoke	61
4085	GO:0043660	C	bacteroid-containing symbiosome	61
4086	GO:0000235	C	astral microtubule	61
4087	GO:0044201	C	host cell nuclear inner membrane	61
4088	GO:0035580	C	specific granule lumen	61
4089	GO:0005656	C	nuclear pre-replicative complex	60
4090	GO:0036387	C	pre-replicative complex	60
4091	GO:0070531	C	BRCA1-A complex	60
4092	GO:0030681	C	multimeric ribonuclease P complex	60
4093	GO:0008024	C	cyclin/CDK positive transcription elongation factor complex	60
4094	GO:0035974	C	meiotic spindle pole body	60
4095	GO:0120330	C	rixosome complex	59
4096	GO:0005850	C	eukaryotic translation initiation factor 2 complex	59
4097	GO:0016461	C	unconventional myosin complex	59
4098	GO:1990130	C	GATOR1 complex	59
4099	GO:0044218	C	other organism cell membrane	59
4100	GO:0000417	C	HIR complex	59
4101	GO:0016586	C	RSC-type complex	59
4102	GO:0032797	C	SMN complex	59
4103	GO:0097255	C	R2TP complex	59
4104	GO:0005956	C	protein kinase CK2 complex	59
4105	GO:0009843	C	cyanelle thylakoid	59
4106	GO:1990112	C	RQC complex	58
4107	GO:0044228	C	host cell surface	58
4108	GO:0070419	C	nonhomologous end joining complex	58
4109	GO:0002116	C	semaphorin receptor complex	58
4110	GO:0044614	C	nuclear pore cytoplasmic filaments	58
4111	GO:0044615	C	nuclear pore nuclear basket	58
4112	GO:0045120	C	pronucleus	58
4113	GO:0033018	C	sarcoplasmic reticulum lumen	58
4114	GO:0101003	C	ficolin-1-rich granule membrane	58
4115	GO:0033115	C	cyanelle thylakoid membrane	58
4116	GO:0098831	C	presynaptic active zone cytoplasmic component	57
4117	GO:0140672	C	ATAC complex	57
4118	GO:0000835	C	ER ubiquitin ligase complex	57
4119	GO:0071256	C	translocon complex	57
4120	GO:0055120	C	striated muscle dense body	57
4121	GO:0097589	C	archaeal-type flagellum	57
4122	GO:0005655	C	nucleolar ribonuclease P complex	57
4123	GO:0012511	C	monolayer-surrounded lipid storage body	56
4124	GO:0031209	C	SCAR complex	56
4125	GO:0001931	C	uropod	56
4126	GO:0032426	C	stereocilium tip	56
4127	GO:0098850	C	extrinsic component of synaptic vesicle membrane	56
4128	GO:0031934	C	mating-type region heterochromatin	56
4129	GO:0030673	C	axolemma	56
4130	GO:0005757	C	mitochondrial permeability transition pore complex	56
4131	GO:0020007	C	apical complex	55
4132	GO:0034272	C	phosphatidylinositol 3-kinase complex, class III, type II	55
4133	GO:0009350	C	ethanolamine ammonia-lyase complex	55
4134	GO:0110143	C	magnetosome	55
4135	GO:0000836	C	Hrd1p ubiquitin ligase complex	55
4136	GO:0044169	C	host cell rough endoplasmic reticulum membrane	55
4137	GO:0033503	C	HULC complex	55
4138	GO:0000813	C	ESCRT I complex	55
4139	GO:0070210	C	Rpd3L-Expanded complex	55
4140	GO:0000800	C	lateral element	54
4141	GO:0034271	C	phosphatidylinositol 3-kinase complex, class III, type I	54
4142	GO:0030870	C	Mre11 complex	54
4143	GO:0099115	C	chromosome, subtelomeric region	54
4144	GO:0090576	C	RNA polymerase III transcription regulator complex	54
4145	GO:1990072	C	TRAPPIII protein complex	54
4146	GO:0099535	C	synapse-associated extracellular matrix	54
4147	GO:0000331	C	contractile vacuole	54
4148	GO:0062159	C	contractile vacuole complex	54
4149	GO:0030445	C	yeast-form cell wall	53
4150	GO:0009361	C	succinate-CoA ligase complex (ADP-forming)	53
4151	GO:0035658	C	Mon1-Ccz1 complex	53
4152	GO:0033095	C	aleurone grain	53
4153	GO:0008622	C	epsilon DNA polymerase complex	53
4154	GO:0043034	C	costamere	53
4155	GO:1904090	C	peptidase inhibitor complex	53
4156	GO:0098024	C	virus tail, fiber	52
4157	GO:0120513	C	2-(3-amino-3-carboxypropyl)histidine synthase complex	52
4158	GO:1990429	C	peroxisomal importomer complex	52
4159	GO:0098021	C	viral capsid, decoration	52
4160	GO:0020015	C	glycosome	52
4161	GO:0033565	C	ESCRT-0 complex	52
4162	GO:0030061	C	mitochondrial crista	52
4163	GO:0099078	C	BORC complex	52
4164	GO:0000445	C	THO complex part of transcription export complex	52
4165	GO:0098890	C	extrinsic component of postsynaptic membrane	52
4166	GO:0036396	C	RNA N6-methyladenosine methyltransferase complex	51
4167	GO:0070111	C	organellar chromatophore	51
4168	GO:0005583	C	fibrillar collagen trimer	51
4169	GO:0098643	C	fibrillar collagen complex	51
4170	GO:0030257	C	type III protein secretion system complex	51
4171	GO:1904724	C	tertiary granule lumen	51
4172	GO:0030115	C	S-layer	50
4173	GO:0110146	C	magnetosome membrane	50
4174	GO:1990726	C	Lsm1-7-Pat1 complex	50
4175	GO:0044192	C	host cell mitochondrial inner membrane	50
4176	GO:0005853	C	eukaryotic translation elongation factor 1 complex	50
4177	GO:0061638	C	CENP-A containing chromatin	50
4178	GO:0009531	C	secondary cell wall	50
4179	GO:0030877	C	beta-catenin destruction complex	50
4180	GO:0030123	C	AP-3 adaptor complex	50
